,tSNE_1,tSNE_2
0,-5.146616966843459,-3.518930634226692
1,2.468258257580882,7.946379244652228
2,4.7540097118298075,5.9779823318004555
3,-5.008656334104488,-3.0652946791898312
4,3.0556296552411175,7.750724648084802
5,2.8505898661293116,7.51884982705237
6,2.9065993273926525,7.850517448559378
7,2.5267612134869943,7.628323038112078
8,2.9911719477184775,7.318214670088321
9,2.6884888979051276,7.483795903284154
10,2.738529024317701,7.05068475225894
11,2.398734948948376,7.647867480214601
12,2.3141663560656256,4.526009303701012
13,2.410498937457724,7.228387872599916
14,3.6019371675462155,5.915697662701096
15,3.427903715648086,6.621350898187922
16,2.6370103679454697,5.855772223652349
17,3.6711789318037678,5.295294773275882
18,3.3875974791789387,6.231047329814383
19,3.617967964774333,4.731490644395451
20,3.8294119067421812,5.499547007265605
21,4.473574928102018,5.814002162502443
22,3.433046993268151,5.9791758083104005
23,2.6752702239302097,5.28301892030237
24,3.7906170101511716,5.342347401478994
25,4.081865644390105,5.957252043544027
26,3.3890217319185747,4.873075594955958
27,3.1270162259667824,5.378786529162462
28,2.9499628756937564,5.580537301755916
29,3.276685185020158,4.912345687264784
30,3.9611843754966998,4.888416588400134
31,3.6941340941183327,5.56423525870906
32,2.442903101705862,4.567505752449038
33,3.8156367645520293,5.325024480092967
34,3.31143327315302,4.797097353662536
35,4.404079671800517,5.1946455272433845
36,3.2820314063425027,6.2276572892990245
37,2.7977996943211245,6.045340368975716
38,3.8115088255836294,5.795354073735126
39,3.9022653260480444,5.7136340764487175
40,4.019935067788456,4.553949023750891
41,2.7628110514009774,3.9406839325799425
42,2.8824153636240695,5.714041217187175
43,4.108821562727088,6.688380804083544
44,3.25184195154578,6.2402043242820175
45,3.339268709531513,5.4727701906854325
46,2.549136021004688,5.207688910036266
47,3.2892181668399925,4.746916363219848
48,1.8633134585669804,5.742759209743649
49,3.995819379344468,5.93367823073101
50,3.065214786233257,5.265841402671547
51,1.1189645963169914,4.920677935922787
52,3.2598891318439307,5.956093905280511
53,3.3635214612865556,6.1211194192596325
54,1.9400118362828305,5.8089485780833465
55,3.6163603134849724,6.0472816493292525
56,2.794453815821968,6.175861868887012
57,3.1409943480033173,6.3618621647586036
58,5.511782358449449,5.699349775997276
59,2.667867386767748,5.24161786439486
60,3.2013554142508154,5.596560279651947
61,3.6086112012494795,5.71075728436012
62,3.3563815377766244,5.831131277492225
63,2.44507541858574,6.057317869860485
64,1.978242269359237,4.841072588372264
65,4.310082643025614,5.638270538807975
66,3.7012162462440332,6.223202887510432
67,3.6392296450326285,6.910805910508803
68,3.3499139960805033,5.009420799969638
69,3.245490296433034,5.34794032550717
70,3.511566339542009,5.7825150715541636
71,2.7408482491226027,6.450211235671411
72,4.144726982081809,6.326256618074439
73,2.496840134001084,7.1474409547683155
74,1.5140565265319528,7.4526788218335325
75,1.0058786576755092,6.738698140063901
76,1.3095435548393177,6.92088493354645
77,2.0764242230142256,7.113446801067512
78,-0.11997845956834496,5.5546358815120005
79,-0.16837173099488334,6.121654046417206
80,0.4017539258931295,5.465998803274275
81,0.7588361448277087,6.475201637524295
82,0.4486567467552186,5.965104169006167
83,1.2359789409976163,6.184210891803586
84,0.7225756437434062,5.427407671274363
85,0.7808793800255374,6.773205985376231
86,0.7327934971873459,4.668052032360009
87,-0.036431420839295986,5.899484327068547
88,1.2044787060311735,5.873089764135215
89,1.7152464936939835,4.84450168394333
90,1.110648696534635,4.560625935568237
91,2.6098815197805894,7.07770617370837
92,0.5364656246867505,6.369356479521244
93,0.5282083353258372,5.4935805215511735
94,1.4967654028985118,5.894021253996174
95,0.827233208438594,6.251416403532261
96,0.7762061621093269,6.4503675539650445
97,0.7479156251791993,5.160524390181958
98,0.8454350321557924,6.367709432588696
99,-0.2048395287450788,5.169385706093789
100,0.2407762160045831,6.205056039323258
101,0.5730854176927935,5.899813490035044
102,0.2658576440218052,6.609907374228372
103,1.0022479625532257,6.3954306544508075
104,0.3759356891856192,4.317818027707754
105,0.19826640591807798,6.231285959280875
106,0.6168901773742604,6.6956138584426945
107,-0.19279669473307964,7.22431271626571
108,-0.007208812293917066,5.948705388734449
109,0.5374786922496907,5.508418624643938
110,23.675079762052064,-12.119870662260858
111,22.543271434228537,-5.577651593360081
112,22.70749255533534,-12.516485178096946
113,25.341930014355988,-11.173465272539891
114,22.040845429798527,-11.964990257463873
115,25.29658192142126,-11.86368774985745
116,21.083326680566913,-13.321183340626762
117,26.793999115762087,-11.147004105652352
118,20.768394579191042,-15.887486143435236
119,25.114851631982575,-12.988944519882773
120,20.70343168727656,-13.720599646034856
121,21.38922456352073,-13.370850498880646
122,20.33901310260537,-17.056454740887993
123,21.048294420456024,-15.084721319374253
124,21.539593400620607,-15.046422227765683
125,25.3875520534906,-10.513956755077515
126,24.873037377479065,-9.838667076838954
127,20.374485718096665,-12.914961950911001
128,23.815725090410726,-11.59396866503084
129,22.908523615467924,-8.593250541782172
130,26.152119670713148,-11.213401781335827
131,21.341302200286513,-15.026456332492682
132,24.02819067271422,-12.274070456222324
133,20.308013105130794,-15.247331524312932
134,25.573381932554845,-9.592765958804637
135,20.70412172793719,-13.479911256702307
136,23.675530297557593,-12.393320663671753
137,25.68249852639037,-11.274590680221968
138,19.40134730819089,-16.008018702197017
139,22.803411166689624,-13.736952082154252
140,22.69838060032293,-12.159859310914133
141,23.99385447976334,-10.74984370398178
142,22.739185608300474,-7.841964067011426
143,23.121670414943452,-11.996046705880921
144,26.54747089266879,-11.798432132538405
145,20.70985029679655,-15.450611269605556
146,22.548505489221267,-12.872960237233228
147,19.69798329010442,-14.811254358564614
148,22.103851057061387,-12.548086106971162
149,22.554206681118423,-5.525821386558343
150,22.99533596910221,-13.3846219822711
151,24.218874940466748,-6.764762269074482
152,23.58922974917424,-8.106303978804505
153,24.03800885772192,-11.665340175155851
154,22.38456002571322,-11.449168091334759
155,27.533016896010796,-10.346238370001911
156,24.708457627050525,-11.151710095246758
157,24.31189360866783,-11.088614979737411
158,20.123722032409205,-15.684010955108022
159,20.18603300511121,-9.821242442349869
160,24.588545514383178,-9.83644836408548
161,19.399924031835237,-15.05281715864886
162,22.925261687267117,-13.547514124777996
163,24.261730912746724,-10.597664302118483
164,22.969648508860047,-11.309374990449127
165,20.912115880638723,-12.330703869022395
166,19.376050439637797,-13.154949985444961
167,2.2226739958270083,-19.729575194949604
168,3.0617507830717887,-14.86723569617872
169,20.033613883271965,-14.378806520995722
170,24.067025381228966,-10.933576097287538
171,25.48618501846612,-11.588915936269768
172,20.59158273410635,-12.51937260412471
173,24.158701836874812,-11.849456489860438
174,24.923055638795137,-10.86294964574303
175,22.795207890328587,-12.10459324731504
176,22.05245076711648,-9.50503357134439
177,21.17431222832857,-13.151846335447189
178,25.94585485963155,-11.123751932314327
179,25.127917220454226,-8.167787462826746
180,21.80336542079671,-13.044943795094946
181,26.560629439947384,-12.849288923129135
182,26.943273398980825,-11.296854609565832
183,22.418549357296005,-13.352437778057178
184,22.137886925308905,-12.690651810187179
185,22.907593324204537,-8.15484447729976
186,20.163697345259102,-17.064345224455323
187,25.2887581589742,-8.275114356011308
188,21.056031950864018,-12.535818909894466
189,26.278882782208587,-12.181767323102106
190,25.157322728061402,-12.30495945517503
191,22.9886471547009,-12.930015698597217
192,20.179593883829256,-15.357914026470803
193,23.802336539742967,-12.052978375202756
194,24.79643291104497,-10.22962996579219
195,22.42744844121803,-12.615390108475793
196,20.84347081181762,-13.317178073854203
197,21.376985752500563,-15.5135272550342
198,21.344291286114558,-12.450567030621173
199,21.92001533520169,-8.993840974125273
200,23.626275963940287,-10.0991060838818
201,22.716470368475083,-12.069930225401311
202,22.971786157108056,-10.733535584990245
203,20.441115439157667,-14.177156543349696
204,21.22488527590644,-12.755810077533816
205,20.473166707081443,-12.933250361309483
206,19.477798947790085,-15.328191999445592
207,25.1304221465593,-9.162518518248284
208,21.476603612389965,-13.78230926466978
209,26.77376781759291,-11.63207768574109
210,21.09238513536847,-9.241145077355297
211,19.262294955365444,-11.657294953365412
212,25.65166992113473,-15.0502228446535
213,18.83200789029143,-11.943721992561956
214,25.653817162402362,-15.051734610482612
215,26.534663039454834,-10.041098606667768
216,25.44899141936226,-8.834297971048102
217,23.387797830860983,-10.73653138128489
218,27.01875510438929,-9.291732009243084
219,24.512439975526338,-10.207544154809996
220,27.45411934705307,-8.349733850767999
221,23.18846430198761,-7.8286171389335495
222,20.45448712607667,-11.438865588108452
223,26.673015601526206,-9.119443332805586
224,22.72488783901487,-15.05887571330791
225,21.76173428363281,-12.674604901643308
226,19.229609566240416,-12.472825997652608
227,22.959907786964386,-9.903060135506932
228,24.921883942816848,-9.347214048741323
229,19.87250718480785,-13.267130006807985
230,18.748198380327985,-13.00319336802947
231,25.514973691572425,-9.298453809256454
232,20.749824131751744,-11.196183854176919
233,26.057992657324945,-10.381817525177414
234,20.74141657521313,-11.514859915511089
235,23.837814451115086,-8.888496658341507
236,20.261632578558093,-11.388267984468635
237,25.260566834565047,-11.053809743702974
238,25.172025449701376,-10.046595590363367
239,20.404911761980056,-10.19358692416647
240,19.848121956921318,-15.108721936488559
241,22.51919199034742,-10.166465313748299
242,21.28896785578877,-10.815943706717158
243,24.701542415149557,-10.908592946448854
244,23.890655877416037,-8.757908566021394
245,20.194655784847917,-17.021996993955327
246,22.5251710380639,-5.537362110792716
247,25.902622550037396,-10.619910053453975
248,21.690245894271758,-11.354370109310997
249,24.804158346332965,-9.178295317228482
250,20.299502169215145,-15.39382719038195
251,26.59503797016543,-9.296238008603043
252,25.4526784290195,-8.980266804336875
253,21.878799410928917,-12.27739753193789
254,23.575281495322518,-16.11317402575945
255,25.280377906558936,-9.774988687194659
256,21.642135932921857,-12.07617260758585
257,19.887867675848106,-11.571400189933021
258,20.929507341508458,-12.515347008291952
259,27.43015484402745,-9.490163423593232
260,20.81910754826555,-9.448765897837871
261,26.20061493228692,-10.036557767218492
262,24.208774925277723,-9.734967870877073
263,27.383769312803715,-8.715208057838854
264,22.303694492778043,-10.050360971884022
265,19.18602329159032,-14.498508365460198
266,25.893957005168193,-9.707174740015668
267,24.592487719495452,-9.19518043104342
268,23.664310984989072,-8.782525427153466
269,23.978380635485696,-9.31748392184186
270,20.43692303566518,-10.399164102823967
271,22.351750784933124,-8.768995439046893
272,25.483196829837894,-12.514335442994224
273,24.629878773179723,-13.010237502201877
274,25.67865330054266,-10.652758071228373
275,26.930785758249378,-8.912918948043268
276,20.025551335218235,-11.725697039887637
277,23.901545380397113,-10.486234358315567
278,22.13120455401078,-11.006818232478695
279,24.87361734808673,-12.863461241028547
280,26.197613235114527,-13.69084390616848
281,22.405325566096252,-14.300067701526519
282,21.90857307481782,-14.32768342419055
283,24.905200240912837,-10.520762762382942
284,26.742162738626746,-11.092852156373125
285,22.38404577309875,-15.746775287781336
286,20.520353929794524,-16.331694818449904
287,20.636390112590842,-14.801674987239544
288,22.30129057143718,-14.277420742182887
289,20.92175294717445,-17.37140331683061
290,20.1978287844852,-16.358654798890832
291,20.258716982622467,-16.74577736809542
292,22.222738111456746,-13.865723540744785
293,20.974681686473037,-11.10469872046933
294,20.851861361612148,-11.154620549619365
295,20.933178365837016,-11.465380462424823
296,22.050968066985643,-14.429716287612642
297,22.384158803412475,-14.461853325626672
298,20.264160610725774,-16.92110371240208
299,20.285563787283102,-16.99615361533598
300,25.988397876136915,-9.083459349569239
301,24.954304021522276,-10.465422520447358
302,24.081751685789612,-10.178897437716994
303,27.150711554018606,-11.967245195531287
304,26.67011697916175,-12.944040568156721
305,20.813489372247066,-11.864764453521582
306,21.38209910569537,-12.211293491477353
307,24.501249435544352,-12.22915280860539
308,26.942104564919298,-12.603112279940865
309,21.10204370454007,-11.685718461299361
310,21.27492528143854,-10.340704183033793
311,21.407669760577793,-15.008117531155362
312,25.414482630241743,-12.683890127415452
313,21.646633378235908,-14.336527473920315
314,23.43534047530702,-16.08537214766916
315,21.327408236508457,-14.401839392237708
316,27.168092495904265,-11.469659391817821
317,21.95448652766446,-14.331408582763384
318,20.299332472193548,-11.244734963998077
319,23.913828056677477,-13.393136897007858
320,20.025261143194157,-12.623597149770209
321,22.200183659569824,-17.323084562741744
322,25.909820623173086,-11.769802233832152
323,20.00396363110814,-12.431633155783794
324,20.501781826545766,-17.127683222472594
325,19.357104950262773,-10.757147144530148
326,23.972823077327554,-9.68724525766196
327,23.881653962722112,-11.719130494296747
328,21.38454647039398,-16.150780822486407
329,20.391126017205266,-17.030019501951745
330,24.89943156841942,-7.800894934903353
331,19.727619317343134,-14.53539742441067
332,21.913948788630712,-14.121117010773062
333,22.880083252395373,-14.715280270799921
334,24.342104229535558,-12.624725787170055
335,21.735453717496217,-13.715236359077274
336,20.23873074210323,-16.274230735856747
337,21.442852960088693,-13.602839720810696
338,25.39092885164546,-12.34428623419566
339,20.557094942543266,-15.639322987823991
340,20.507692666781843,-16.98920897823707
341,24.135789955856787,-14.832356931250567
342,25.776055463371335,-9.113927610769812
343,21.439282941727434,-14.142931622974313
344,26.035518556728082,-9.149126654786244
345,21.855884806298587,-12.496503327755368
346,23.45602742345447,-8.354408424683692
347,21.756622497745287,-10.848707797873914
348,24.222992942482502,-13.304219988982172
349,20.73802683464876,-12.161857188841699
350,20.413938525209428,-16.509903118097444
351,22.14981485927683,-10.100039001072268
352,26.283546896101885,-12.87941248047492
353,27.06812167031082,-9.396192623835592
354,20.828464802053553,-14.003436021978999
355,19.932902416625506,-12.284829343874778
356,21.854144461398093,-11.453415535855706
357,20.898599343477574,-17.163589200651288
358,22.772216996575843,-9.114516245371897
359,21.864394000581374,-13.981303486195928
360,26.179534017722084,-12.62320619304446
361,22.40223611944309,-15.050146674020883
362,22.600979220478642,-14.440229815574698
363,20.529410802645554,-12.125020627110743
364,24.4035376347558,-8.22830936961107
365,25.297651275785476,-13.06138954153161
366,23.60080302031672,-13.033372271707794
367,22.186995623249146,-14.212905562299936
368,20.273681215944006,-16.462715564607286
369,23.100129715554576,-14.646011474722478
370,26.40819824568547,-12.766465609469137
371,23.11754631323454,-14.193295330248421
372,23.88284642331309,-12.579552710958174
373,22.331794933125728,-13.999594713988115
374,22.930922917107374,-11.218518582758717
375,24.663828209695865,-13.772409593880898
376,21.201117320098437,-10.304919878758662
377,22.448980968605333,-13.803768500734908
378,21.991257314990516,-11.110472315949673
379,21.160837476023215,-14.188091923247416
380,24.445979182717508,-9.623528260588031
381,27.51315641186652,-9.57283286403744
382,21.363561753568113,-11.35786519907578
383,26.059663447831117,-10.433385447247698
384,-8.322780913559948,-6.434299691178864
385,-8.4636753807348,-7.034140907344027
386,-5.520758773924574,-6.505516177973603
387,-9.974308044265506,-8.0350067467618
388,-9.529302933834812,-8.20573856544504
389,-1.2894913931039285,-6.950910664492679
390,-8.113107856408757,-6.505822497858783
391,-9.530663551699725,-6.869485849061165
392,-5.071112487949846,-13.803211175612526
393,-4.763961872942621,-6.592955083183587
394,-18.700359478332032,14.404915385069629
395,-11.569218300520346,-19.659855831059517
396,-6.431374407874307,-3.935486116271634
397,-11.278994392610032,-18.663587900643343
398,-3.678863546980281,-5.6389798477775965
399,-7.052228663835683,-6.832352103319816
400,-6.437077777177633,-6.927937269559502
401,-5.96805513511121,-7.348996541038338
402,-8.884432340843889,-7.801690841573404
403,-8.288274407997234,-4.832771790842742
404,-4.372476459834006,-4.585813335891666
405,-6.18056387887186,-6.908508348182166
406,-7.662035490073126,-2.983142997630021
407,-6.236606718309799,-6.0802076617770835
408,-11.822719291308655,-19.785037619951712
409,-7.74854118159845,-7.60507535550715
410,-4.810087938956678,-7.250556618174836
411,-0.24803857173252444,-10.821175497101084
412,-6.967133299854726,-7.372982468687428
413,-7.672369432971828,-7.729404873820431
414,23.162654418991316,-11.202075139719415
415,-8.541003440256176,-7.215529838883229
416,24.786030902356956,-14.459396824123255
417,-6.154463928764573,-6.423184161326399
418,-11.333028406493465,-19.472231125723066
419,-9.793549100814218,-18.146439493050437
420,-10.520804017422705,-4.848815344070184
421,-10.176774914139164,-5.0034825670661665
422,-9.130858654463513,-6.582279112806369
423,-9.131207555380364,-7.227047242789517
424,-9.80876614054079,-8.065848802816214
425,-6.759652869413793,-8.106999709340787
426,-6.6042807304637545,-7.434405117598912
427,-9.687421898767603,-7.689616732683581
428,-5.200506104051335,-6.402762634903886
429,-7.291182352371694,-5.032297129296962
430,-8.559729873817346,-7.251526901372465
431,-5.357974723345772,-4.344656445562432
432,-3.074041179699323,-5.376886850623668
433,-11.655571883928676,-13.345353509030584
434,-6.1150530080728585,-5.930127243514586
435,-10.735511197466975,-7.680572437662456
436,-8.264618034631715,-7.8795217640612645
437,-8.41521908273135,-6.005563350557882
438,-11.680361097855139,-19.234248047593898
439,-5.38377529319848,-6.959240363073562
440,-1.3782870126786138,-7.132340624039774
441,-7.716264909402251,-3.034276757464287
442,-10.417754476745719,-17.841496258180978
443,-8.995609373415888,-8.331418355896519
444,-11.243442616001419,-19.82858455948487
445,-9.17876068008342,-7.1958026877508985
446,-8.92174782432824,-6.434671433698241
447,-9.605799587423737,-6.41973155017357
448,-10.954059006281035,-18.43924143414456
449,-8.774870272010288,-7.166156055346018
450,-16.21935239353011,2.3676000730568534
451,-9.364929874229729,-6.055930311751485
452,-11.972808856184932,-16.55708248846247
453,-8.250859696562829,-7.55237064780741
454,-8.936712175982347,-8.077049258764557
455,-3.3306162026202224,-12.062093652820131
456,-8.056264606672524,-6.771739964554989
457,-10.431375990521932,-19.63064073861429
458,-9.521936243284587,-7.255008887386043
459,-8.478184458822227,-6.725077527489014
460,-7.993055668339857,-6.4028720499504574
461,-10.538887081976393,-18.58986925807211
462,-11.172089833040669,-22.315664092048372
463,-4.8496354958127785,-4.761249084978089
464,-9.830033059746937,-8.135264481863974
465,-9.197495275391425,-6.146338284700605
466,-4.877244996553065,23.486695691033894
467,-6.099772528059715,-6.190806456985396
468,-10.100642197760637,-7.862044463414058
469,-10.030154514747242,-8.225790333506565
470,-7.119816736375328,-6.114849908179604
471,-7.322758721548521,-8.827707505972006
472,-5.422009125489266,-7.175173048860992
473,-7.503279729821483,-6.297418092221421
474,-8.862921356034624,-6.578835398052583
475,-9.233932029554069,-9.234645377626158
476,-4.482430179841651,-4.6986640289716375
477,-5.114704258407796,-5.26872125666174
478,-15.198436325627828,1.4513730613157925
479,-1.752849761490842,-22.225128792574214
480,0.6415670503341,-15.526308269357372
481,1.0699332441767904,-15.282897831615621
482,-2.749822379105649,-21.453142531078058
483,-1.0293278798451626,-14.782606372935387
484,1.0781401100439747,-16.067668343236868
485,0.3703761019193281,-15.334563327113012
486,-2.65111436487768,-20.99349045099208
487,-1.1430577765957814,-19.80050229061508
488,-0.3214322993399253,-13.678397538323422
489,-0.21049257593085463,-19.28139979294063
490,-0.7406012981895028,-17.39858116912435
491,-1.9361409761518873,-19.463122661925976
492,1.881775860419693,-19.08473738338815
493,-5.280084695025677,-21.8462073996849
494,1.3732183964639073,-14.676352788424692
495,-3.2407782837554873,-21.33914824759418
496,-0.9730244215524136,-22.631265764902924
497,-1.2763707818654242,-16.18893340111432
498,-1.7697367063249798,-20.55854554360931
499,-2.1909488796154983,-22.768318196852825
500,-1.38160476455607,-18.214254124780773
501,-4.812566872914354,-23.10358348494838
502,-1.8005311399318007,-22.00726211641845
503,0.03039696089741849,-23.773948767806555
504,1.3647503273170674,-15.170026465078072
505,-4.330374653489089,-23.132338675505277
506,1.0744452444644939,-19.952323941574722
507,-1.0180508016158873,-21.281039814662723
508,-0.5816456168783435,-14.019515154080072
509,-0.5309445709380558,-21.515659848666225
510,0.14491025593430273,-23.80686623099519
511,1.6391817897703658,-18.756828974154608
512,-0.6638640316855209,-20.768968219234065
513,-1.8291532218251598,-18.006044176610136
514,-1.342449329542215,-14.337692109797924
515,-1.0263532774070436,-19.263862698986298
516,-2.834550352890169,-22.033826434829184
517,1.1588557412758684,-19.598827209963872
518,0.08622807067505876,-15.284654772965533
519,-0.5785806739548492,-23.698626712455752
520,-0.054731491702617034,-17.1801078746251
521,-5.173472529986635,-21.13511146201523
522,-7.705251651125893,-19.97233787005178
523,-1.2713095329177322,-18.730432763317438
524,-4.4041545358791625,-23.51913630897534
525,-3.1171281289877024,-20.310768518339938
526,-2.847043991985264,-20.002917337954784
527,-2.94898452784453,-17.647022273900127
528,-2.7339257494037645,-20.470778111429926
529,-1.3753137450781414,-18.707819592181306
530,-3.4191542476528984,-20.812986110904397
531,-2.196236705191002,-20.58166571261451
532,1.1184847069300983,-13.960041723573378
533,2.0540132032070604,-18.044053502129415
534,1.8043261577828995,-10.513159368670802
535,-0.4773167349261974,-23.730242605188025
536,-2.91287951077952,-17.63992791108273
537,-3.26163222865121,-20.214173921009355
538,-2.2031333638382744,-19.317527181365083
539,-2.3998129176330902,-18.592054998653207
540,0.4178995741101935,-14.98392868070302
541,-4.197320370063639,-16.31096888386385
542,-0.6077471043881917,-17.382084271645756
543,0.2744151995456176,-14.445579344226294
544,-2.6250870829610764,-21.74673109668203
545,-1.4953424104024966,-17.367837615775755
546,-1.8782549556030383,-16.250967661379555
547,-3.1750917992484835,-20.056130879987744
548,0.11775828022414457,-17.89252050680405
549,-0.2729729224326089,-21.776980637130116
550,0.3356639997876242,-17.55227800205395
551,-1.7022110524339507,-18.349584428602427
552,-4.796797547165343,-19.920772246324457
553,-3.560844194828676,-23.116674613418898
554,0.7194136093816818,-16.640329930069818
555,0.19500168347067962,-18.15193151978296
556,-3.060284130868401,-20.847843940955872
557,-1.8351131013417683,-19.501076590019114
558,-0.7039051915154336,-20.04973321565375
559,-5.504541447441088,-21.274038291068553
560,-0.8909522922998829,-18.62215725734963
561,-3.536422031703847,-19.266399039281847
562,-1.9429535632350918,-19.841915391036107
563,1.5449262433428856,-17.638004307994702
564,0.9543916389856625,-17.259058261164366
565,0.31533043783134906,-15.872768155998743
566,-2.0026092604054786,-21.19744707684007
567,-2.7926109487116797,-19.157086456743347
568,1.0932305513996028,-15.39651628613883
569,-3.5086799678521396,-15.188405245205757
570,15.382907491708215,22.32162406579583
571,1.0141717782151176,-14.108627469570836
572,-0.3147205790254319,-23.75996419021158
573,-2.8474534875567374,-16.46695141978844
574,-1.7980387960127533,-16.433004503067675
575,-4.9188441319985,-16.797961932712266
576,-4.721986084670084,-18.703295918599984
577,0.012112088601177955,-16.43753807022906
578,-13.372878505637763,-19.99983062836822
579,-0.43742712235186876,-17.129075408576334
580,-2.2445292263283947,-17.5393922778175
581,-1.542869840655558,-14.166482505912073
582,-2.698172575452252,-14.431288278366031
583,-4.9291514130867515,-18.49015265563816
584,-1.3205405019177032,-16.68976701901656
585,3.64807600384234,-16.775286650509038
586,-2.912920348085871,-17.398361467510565
587,-6.882790110260722,-22.110430825612585
588,-2.947275161130991,-19.044747851695394
589,-14.306545298918168,-19.185936004105848
590,-4.238112501081783,-19.226003923009742
591,-3.7698874814674115,-18.60587424587144
592,-6.681365562403954,-22.247222773592544
593,0.4768774040527313,-15.883948456437464
594,-3.947297124964796,-19.293599438617402
595,-0.20451186600368979,-16.284283049221138
596,-5.487365767606697,-18.990425466269127
597,-3.6111933665658675,-20.019949409225095
598,-2.4788920923652107,-22.82999224473472
599,-2.5226045740203706,-19.488652063198394
600,-0.30097448057519344,-23.8365066027634
601,-2.588523218059458,-18.82154631904263
602,-0.07436956394939215,-15.942472273436355
603,-4.370713642095092,-16.897036113533925
604,-3.847010607561615,-18.265855386621542
605,-1.6924388290213117,-15.709830237727472
606,-3.509358817627381,-17.726513411565477
607,-3.981638237790807,-20.914715025310336
608,16.783461478737703,22.080939611445043
609,-5.214238373871911,-18.69195224894226
610,-2.4885707101819916,-21.830028018903718
611,-3.3304938625428844,-20.669804945055542
612,3.088854474149728,-13.83501751810141
613,1.0248704227041356,-13.242122667889522
614,-1.0331247424566996,-21.08341863591268
615,-1.173440063228218,-19.970496146531758
616,1.1955678508565408,-17.83410980304556
617,-1.5491271276092644,-17.818339133228413
618,-0.32056857860037635,-19.194696140809977
619,0.013573764846588125,-18.814076185796196
620,-2.1212509702439637,-15.983991400150186
621,-3.3546922888882267,-21.437158067483825
622,0.147474104705648,-18.76992571927802
623,-0.3143687651809304,-21.350001298156553
624,-4.863971882872548,-23.354450358167274
625,0.1805507480508816,-9.310856617873785
626,2.4414058417364912,-18.187058002227733
627,-2.3195132774227796,-23.277249271542935
628,-3.137040449216612,-21.524085430335337
629,-3.8199280239627305,-23.093378792089382
630,-4.613670372163663,-21.731188346260634
631,-1.8973124506004,-20.439779363766863
632,0.2867364182531588,-20.684849328211445
633,3.4850090895705037,-13.915169684535806
634,-0.8886601339895672,-21.44125425788296
635,-1.6005913333353763,-20.438387500980486
636,2.488802641733459,-15.222450733458784
637,-2.178493201626257,-22.723559445549245
638,-0.947322294911949,-21.603416797644268
639,-0.0787787085852768,-19.308226823970386
640,-0.4084054571232849,-16.54028059761484
641,-4.8784560908134305,-17.79845314416577
642,0.2589430156170216,-16.501051918367445
643,-1.4216879181123208,-21.10617778133426
644,-4.014037095052225,-20.44230192795171
645,-3.665187135544688,-20.884813097361704
646,-1.2465880263126954,-16.66836206606341
647,-1.6496604357531166,-16.289111449944965
648,-2.5502472973471098,-15.643432344419345
649,-5.047102037210117,-23.313667500284943
650,-3.7713284826992552,-16.87578675925106
651,-1.9527317122926757,-15.983475252367914
652,-5.098075701310891,-21.59388596149314
653,-18.001240794693473,-15.174614444736353
654,-6.935353540625008,-22.128176589447754
655,-2.4471215777803232,-16.591064148883625
656,1.1854296584623885,-12.265353260211697
657,0.42867023006180516,-16.483405093681622
658,-6.343483094538636,-20.723759933578428
659,-1.6832913328398802,-20.344971767516686
660,-1.503172399388789,-14.022650865641607
661,-5.982729761126266,-19.373251035105735
662,-4.5466268067821,-23.307658414121224
663,-2.0966285943693155,-18.14968813910778
664,-5.337169697607247,-18.813823585775665
665,-0.018159814205441695,-20.671128616612727
666,-3.0077933415799065,-19.870894969976213
667,2.2253058839849924,-16.858892876635743
668,-2.746700141896903,-15.901986502030201
669,-0.545096369001334,-7.844409248183673
670,-6.869044490818417,-22.019864589781324
671,-2.9179093363055557,-17.164634738185843
672,-1.0215415759260653,-17.25886378268351
673,0.09416135422190357,-12.755982286392463
674,-0.4255858671546461,-20.34391274801575
675,0.8388762214000622,-18.12615729811372
676,0.743092671497243,-17.442532237185723
677,1.1765046690549048,-16.012112496095657
678,0.5039377397442297,-14.791389958007459
679,-0.3791603590852977,-17.526375066046388
680,-1.2234874825036575,-19.15507725839118
681,-0.24402135875247036,-20.91202114242951
682,0.8037266328313426,-19.718032254723155
683,-2.047465415453903,-20.811598015961195
684,-10.599569897175185,-16.818155950160136
685,-0.2224062748015108,-19.72071956229276
686,-1.1681168912724371,-17.56314248361613
687,-4.837141014201273,-23.258733234975722
688,-4.007972097464061,-21.386315486238818
689,-0.5071047344096682,-17.674592903105776
690,-1.7217772068332946,-22.88785379317026
691,3.7298574161595766,-16.863964809324237
692,-5.108427724259768,-21.72546228085278
693,-2.8052445080935815,-22.85081296040877
694,1.1853416896654057,-21.401776409130697
695,-1.0132642742038869,-20.26758982413899
696,-1.6228203644277441,-18.199700055409647
697,-2.4033237980019435,-20.829864756835594
698,-2.029869635783479,-21.487117735275707
699,0.6246495572977859,-18.426024532453916
700,0.4078463916470187,-18.78424045476883
701,-1.7999893337993926,-21.009232912788057
702,-0.9918714965933026,-16.17484520896832
703,-2.7598440820975596,-17.467660106355122
704,-0.6963173222573167,-16.798568646905373
705,20.24147374286319,1.0601497600466283
706,-1.2411049222432409,-15.355256969422621
707,-0.6073896184194645,-13.636935901887655
708,-0.6906368697146468,-13.479651081277641
709,3.3932402930501357,-14.588130572219518
710,-0.8569586824101215,-15.425488372204166
711,-3.221277183022838,-17.80477950722297
712,-1.4549342031525565,-16.865433699912067
713,-2.6176941434734027,-17.999127775996435
714,-2.0593742927171803,-16.180135558247354
715,-1.5549845318920825,-18.30271020755094
716,-0.18658860938338687,-15.519507342826682
717,-4.23920151009899,-19.727117780372655
718,-2.374811741814669,-16.439423781412373
719,-3.351052217695769,-16.12511238078644
720,0.038704276184925085,-14.50552714698121
721,-2.303746527430948,-17.9988480420815
722,-0.9466765337226472,-17.95504441575231
723,-1.17395141559751,-20.047188754835194
724,-1.3117745294999923,-17.72249745151415
725,-2.0244588926863085,-17.36604634670184
726,-5.7938061549222875,-19.90323203432733
727,-3.8652696835935596,-21.532610468096696
728,-4.146107389249707,-18.01242233644412
729,-17.25911083566124,-15.76733684384541
730,-15.628800248870009,2.1729998388947
731,-2.9160961973078456,-8.893176184895513
732,-7.967443161344158,-15.874922004005883
733,-5.238321806481512,-12.462805134852436
734,-1.5572454377976395,-8.97329353561076
735,-3.5057825172436052,-10.764347319471739
736,-3.064150984677234,-10.050010227985496
737,-4.062103075160254,-12.428305271310663
738,1.6881680820445668,-16.997508573308902
739,-1.8495914655533119,-9.135739113839014
740,-3.900384695528406,-8.89345139450567
741,-3.150389768924096,-9.441651754499576
742,-3.474349925845245,-10.294175476350071
743,-3.9176116422044753,-9.20340688375358
744,-3.8510249540047288,-10.289099215087713
745,-2.595948562515889,-11.697172659101263
746,-2.483090827619767,-3.4058860437006846
747,-2.3499629377268114,-7.855513611188124
748,-16.30472358038913,3.2870480399388073
749,-3.990845707874415,-10.44354936414397
750,-11.912239620614036,-14.95525067465609
751,-11.71057284871609,-14.922367381412137
752,-4.0130846727707326,-10.028040946381994
753,-9.339453294701356,-15.18202858487918
754,-2.925699777650041,-8.182186046053006
755,-3.457101923422058,-9.388363186669215
756,-11.165288026709556,-22.307229691839424
757,-8.082679578345159,-11.005069800563565
758,-2.525908948955502,-9.146533492070853
759,-7.951552494984068,-11.581596237745703
760,-10.39968156557712,-16.10352472441037
761,-12.314489855563512,-11.538557243337857
762,-3.4123915486241385,-11.901286417181032
763,-8.462563082320207,-9.995610839034747
764,-16.820453201413233,2.8156706905495823
765,-0.47004774749074624,-7.766932531034309
766,-0.49228677203694926,-8.10230698118174
767,-8.485303882140945,-21.51011661539971
768,-1.783134550060696,-12.904013964344434
769,-1.5471778317410725,-17.010560490219632
770,-11.330853796147299,-13.51303926226637
771,-7.439887479012339,-9.992803849600875
772,-6.602320784237285,-5.550914660562548
773,-11.519494830337909,-14.429743309918582
774,-6.63078510905313,-17.43647829848591
775,-0.41027488991429484,-8.856201639135827
776,-7.953701041723884,-5.790058705193107
777,-10.868269627684754,-13.576788190905722
778,4.59660093728465,7.092189441869863
779,-0.3275587109117999,-8.528295339084766
780,-9.809595110786116,-17.817272646164838
781,-0.8969289460351275,-11.7887574371246
782,22.527473860679443,-5.748905613957656
783,-14.388792558366642,2.0494341746372062
784,-12.333341450864932,-9.223658482832874
785,-17.866624327032255,-13.831223818784405
786,-10.88949702381626,-9.828626755241658
787,-5.956229315333149,-5.3893989082839155
788,-11.690084923589962,-18.525810403345968
789,-13.259836219154632,-6.425314108497685
790,-11.55160595718404,-14.53430279981249
791,-6.9220004312585885,-5.0753245654246575
792,-10.819648975714113,-10.765557856835388
793,-6.711797394011702,-18.778008435239933
794,-10.376016763107698,-11.802167884763143
795,-5.141809082358504,-5.2116557926888785
796,-3.673845438890424,-14.069962930532435
797,-2.562452730307851,-7.1432047202368585
798,-9.831165721123774,-13.863824118378544
799,-14.816538085635191,-15.642176874075448
800,-6.9656771273939535,-14.882735427732888
801,15.77915568128004,22.38072170479566
802,-8.52850876184431,-4.127597433518796
803,-11.094517177999947,-16.122173452028637
804,-10.291925925930965,-14.034973214095656
805,-2.070596722647392,-9.731157614962676
806,-13.994253724016934,-13.944848675392244
807,-7.411650474525784,-13.82353750312245
808,-7.704524176331584,-13.951579759318651
809,-2.5576981958024554,-10.785059488044562
810,-5.423065788933761,-12.565776281609729
811,-10.011584229112588,-13.793607597522803
812,-9.852054041230145,-11.8751974266574
813,-10.150505385866593,-13.467919549949196
814,-5.510434368013736,-11.004031872535718
815,-10.385811113003582,-14.542942941833203
816,-12.000709320474172,-10.436040700898088
817,-4.5101143466749,-9.858513878032177
818,-11.65783888074666,-11.218005653352353
819,-11.106765973787734,-10.51493136926132
820,-10.697336962509382,-8.412891485558033
821,-13.169221529749949,-10.633839237193234
822,-12.276428995193907,-11.46440928680946
823,-7.0794504743734015,-9.566815928875506
824,-12.582716623350436,-14.605638181798739
825,-16.750012379132293,2.6810436493714946
826,-11.325282342861195,-20.008508215764827
827,-11.77595821480319,-11.117035980714045
828,-15.027718389789156,-13.055948034982464
829,-9.608718119812297,-11.469876567611822
830,-11.956668547354772,-7.904123336784469
831,-16.79848815440962,3.033283716394128
832,-8.010165105570264,-14.00515895627428
833,-9.463291833680605,-16.570408345913837
834,-6.873215451659051,-17.830540922149304
835,-6.849212017596034,-17.738132503847197
836,-11.449029681240756,-11.27123062737683
837,-5.263354337071514,-14.146349416069679
838,-12.640956555522711,-8.104945383911943
839,-10.775720261457257,-11.916264503620544
840,-10.644456586146893,-14.519254405152719
841,-11.171798895462269,-15.627105696659356
842,-5.30904950992992,-9.159804357780173
843,-11.648755791579221,-17.54613140167497
844,-11.656342217985335,-9.120296190477687
845,-4.464279081027877,-8.971997700600706
846,-6.352893192302484,-10.014845464416583
847,-5.822269896935661,-9.377830162014954
848,-14.954160307206486,3.2485859272809146
849,-6.508326857561126,-10.040558164764917
850,-4.769388375116029,-17.623057546128397
851,-11.97793224757907,-13.95384846061996
852,-15.471568305480899,1.8658984489457424
853,-10.036217915433452,-12.087130169209818
854,-16.876193924412444,-15.668001779596931
855,-8.3358088457844,-10.353658257258429
856,-12.436052016007434,-18.31278609917906
857,-11.745228561541367,-16.82428387494824
858,-11.650507029815975,-16.829733009529235
859,-2.5034641748298796,-14.131146340327131
860,-12.16651929762777,-14.293260208638475
861,-16.665349294608614,2.7171859109357284
862,-16.83655983402905,3.2074691462487617
863,-6.204777686530257,-15.916029388590593
864,-12.294165902771944,-14.875997809648226
865,-12.469390247477342,-15.514600834600426
866,-7.4506392239471575,-10.17613723674967
867,-11.666021308649597,-11.24783396130303
868,-7.9979253168223385,-9.581839247619337
869,-15.046988023255972,-16.39033366273371
870,-12.407886686731297,-15.586831725052399
871,-12.171630693065746,-15.559633980588782
872,-10.104828962517338,-13.640254847903075
873,-14.030606880899342,-19.566430822953826
874,-7.054522996929,-9.25889901761394
875,-6.617334167593478,-13.771546630934107
876,-0.13769256522969275,-10.863640282111083
877,-1.273405877878643,-9.962089897228203
878,-10.31254775084665,-9.818707822758997
879,-9.717997005244566,-11.54933227322008
880,-4.148084245802079,-9.184757555713851
881,-5.4710538527308366,-13.161916078860981
882,-8.287943453183082,-11.181533074602791
883,-2.408062376107338,-11.831479143123609
884,-5.573230602617664,-11.155381016560357
885,-7.250875449413414,-14.841574121795308
886,-7.563375748631841,-14.03199261762057
887,-5.21530885513258,-14.134533228100716
888,-3.439980122664848,-10.00624030686586
889,-5.262183478867886,-11.442946027943783
890,-9.162742910503923,-13.012962615413286
891,-6.034537856047799,-9.588373073996772
892,-5.744084896962129,-8.290294599414192
893,-11.17198156848186,-22.294398880356987
894,-7.462487313640378,-10.442249255053884
895,-5.564585174847859,-11.451151231650158
896,-13.754589506329069,-17.964414614855915
897,-6.6113578040775804,-10.076584741097664
898,-10.540842488844044,-14.848592585143674
899,-11.152320004534747,-16.678926388620074
900,-9.111937270160903,-13.968508212873768
901,-6.394652644422576,-10.092258373222142
902,-5.374218468678103,-12.820479129717539
903,-6.126230730122142,-14.231426233647397
904,-7.916195700733751,-10.656997337577241
905,-9.972317491013074,-12.829757056207526
906,-9.846278258165645,-13.507486118394342
907,-8.94919858068361,-12.829094888510426
908,-11.172954081564988,-14.231929281008567
909,-10.501324590424032,-10.906444774563212
910,-13.585767316929738,-15.537335840466719
911,-4.746040089195527,-9.628940716396901
912,-4.558078416094485,-12.193549355446097
913,-10.681315764758619,-14.29294530748876
914,-16.88702132382559,-15.870312227875477
915,-5.618869636917775,-8.611001183114958
916,-12.696627264634511,-17.520446292056363
917,17.173937223494505,21.764291155362937
918,-10.457466260560219,-12.45199015703082
919,-9.83241207687763,-10.698282290791592
920,-12.316871900976425,-18.901625889938096
921,-12.545704622906706,-17.846553726864883
922,-4.17460392714741,-14.62260744638758
923,-11.529342534178395,-11.943747255516756
924,-9.632262728711853,-13.736552929018211
925,-11.330591953889105,-15.522641122990258
926,-5.638589504512092,-12.808642384367081
927,-11.047321579103066,-10.587521364951282
928,-11.245757354271483,-12.018511976142197
929,-9.567287225836722,-14.14815179761372
930,-11.6215817781989,-14.834897525215766
931,-11.061081557982265,-14.893869389153684
932,-6.111964996976846,-10.808333059236137
933,-14.073654043216504,-13.065251803363054
934,-15.40716892276538,-12.885282797637467
935,-9.851601487873449,-10.186460630735054
936,-13.869892077281627,-12.04059427529659
937,-12.538441254781755,-18.249536578321884
938,-8.490488074989829,-11.901511158448347
939,-14.573153871191046,-14.322080734566956
940,-8.698846800835677,-13.335260209023442
941,-7.495743138905432,-15.90396111175816
942,-9.821792633561842,-13.564334226001586
943,-13.11651116784252,-9.038749049753548
944,-9.608036772408369,-12.670380839454886
945,-12.078910658966898,-16.53345910975712
946,-9.046075530661845,-10.599325469128761
947,-8.369001083405097,-17.272129344585718
948,-5.3603727031649315,-5.573200110618834
949,-11.218413173863233,-14.260585897264846
950,-17.838498234211034,-13.86712593152363
951,-11.142746887823018,-22.349927275226754
952,-1.0623448865251108,-13.29543239326594
953,-5.19842900023596,-12.889533002994398
954,-10.055173609182612,-9.417583013540941
955,-0.4586721336000286,-24.040776343487774
956,-4.360821294303546,-17.836554860931745
957,-2.317940216377254,-9.106301663884953
958,-5.471183042839002,-9.838355605633167
959,-1.1803421458722914,-7.931557043515084
960,-7.853279877681133,-9.968998047405421
961,-11.871987635038355,-18.390456271041412
962,-11.873663026737882,-9.159299077317154
963,-4.454246936800123,-12.316297074702351
964,-11.066434483735808,-10.068459518905188
965,-12.176054097725292,-5.4581427548823
966,-12.217731816853997,-12.87443510122248
967,-12.44555508971556,-13.76588092609146
968,-12.434801525473445,-12.04795462934002
969,-2.687100550057163,-10.216742023057671
970,-3.0321830200702875,-6.037650522523483
971,-12.901376303848636,-10.043101910152892
972,-11.688077175511637,-7.754794993091615
973,-13.723131229292573,-15.743022613135844
974,-5.488371137457434,-9.88634386454484
975,-12.214927647924107,-9.557278740877885
976,-11.509692465347085,-14.315133223101961
977,-5.067893286312715,-15.402207626351645
978,-8.284020610436674,-17.084222750171005
979,-11.308373351871365,-7.612606830117497
980,-11.764389354677343,-5.952705880637517
981,-12.914189494717256,-9.44825899408734
982,-11.035874352412847,-9.443112380199274
983,-11.953715248683588,-10.093204689189267
984,-9.16286739741409,-10.905534636227932
985,-10.933261110027765,-11.310889842071449
986,-8.637679706217664,-10.940803024677562
987,-10.24642255478613,-14.651414784585063
988,-10.78413498043254,-9.139317331934242
989,-10.711149170175366,-14.470715031526613
990,-7.354087599423739,-14.632556674362426
991,-11.60492863253588,-12.516729013533304
992,-9.455207976834364,-5.035554190032325
993,-6.823444454723023,-15.854731147939079
994,-13.202984136938198,-12.059970814586995
995,-5.174940552314408,-8.292529066882146
996,-9.433673985370262,-18.071912225097808
997,-17.506208942623935,-14.090784609304322
998,-12.378969704945481,-12.544365665324307
999,-7.754935014873398,-17.504068676377216
1000,-10.570805313626554,-9.374623450704044
1001,-2.8814054607700403,-9.890925447487136
1002,-11.639837951871515,-8.912537026951991
1003,-11.470633239772312,-16.90339387127623
1004,-5.438733345714421,-17.303739791631152
1005,-14.42417300421597,-18.288939809458242
1006,-8.871750518853723,-20.031489794674595
1007,-10.63616357642789,-9.39727743999834
1008,-12.681138390010979,-13.861713889808305
1009,-9.77204572513988,-11.624755868932475
1010,-10.078847797688434,-14.764734842675455
1011,-11.929977772925584,-10.283309371958424
1012,-6.456537200017224,-17.203832537434995
1013,-1.7446236719738264,-10.624673539716314
1014,-8.146905536405631,-10.276999403792086
1015,-6.648512558765513,-5.479456288983059
1016,-3.0694253789308847,-6.163761767013006
1017,-11.884759566151454,-14.172223951670071
1018,-12.16766053532751,-14.799116911130715
1019,-14.851210525920227,-9.561984628444762
1020,-13.22546283524377,-19.326587175236828
1021,-12.856311995920814,-14.948593671215972
1022,-7.213067754979633,-11.706663405244731
1023,-8.421867130662903,-12.996979203675947
1024,-12.25973023554447,-10.695106148615425
1025,15.372951118474063,22.339417240529603
1026,-7.985140676728097,-13.362820356902821
1027,-5.860633928939798,-8.19058624576096
1028,-0.8647738371306677,-7.47102751758422
1029,-13.985114270326655,-18.471043279164814
1030,-2.4053543052137347,-8.714903302148285
1031,-2.803737933975088,-8.214857652031503
1032,-13.314053160192094,-13.329080522077259
1033,-11.124466429471305,-20.689234936829205
1034,-4.053146962104535,-8.573154825941062
1035,-13.527863682385135,-18.314631890017782
1036,-11.18322765152474,-22.220899636684372
1037,-13.314981153641186,-16.767699425714497
1038,-12.651253508307727,-7.282034731321015
1039,-13.975314665802847,-13.139697409466589
1040,-11.643818318357305,-7.182725157643635
1041,-10.940754057917196,-4.687620801954164
1042,-14.891435222149418,-13.055178783777883
1043,-12.632108490389308,-19.745702509064607
1044,-11.818371931378842,-7.3398277218610435
1045,-7.676551407046772,-9.764608521515846
1046,-13.843063834223173,-17.09492634089419
1047,-7.496773095534368,-10.73823605720683
1048,-14.567946144421452,-16.52489692301617
1049,-6.194168510554428,-8.954578752606404
1050,-4.665149393741916,-11.639347346124383
1051,-3.3928743528985863,-7.837865752608451
1052,-6.970850962400569,-10.88590355352368
1053,-9.818400240740875,-10.675446657199036
1054,-13.967727553848253,-12.389651424733277
1055,-9.724784269469902,-10.12640494162555
1056,-14.752248589593359,-9.487053067539733
1057,-8.645611859351453,-8.626330996374472
1058,-12.549171381193819,-16.18261385697413
1059,-9.373809449553796,-16.151378708714613
1060,-13.47953405564395,-18.64873539738481
1061,-6.422358180835637,-8.323290346401745
1062,-12.897333864896446,-10.994877332869388
1063,-11.648774556619495,-6.00504039905563
1064,-8.387448593746472,-11.207946978214538
1065,-3.590134729249968,-7.022582037124577
1066,-8.844609290525671,-9.363738791210945
1067,-14.751341547688122,-15.691328132179047
1068,-14.892895967173526,-10.003461412840235
1069,-3.592897083361707,-7.597021890593759
1070,-8.611396606707167,-13.998761444834155
1071,-4.301983299284371,-6.006057875318843
1072,-7.2493835065714425,-13.685008864996524
1073,-14.775076480292016,-11.72827523937946
1074,-7.096546978997272,-13.337945066437936
1075,-0.8210266765364882,-9.317803114162983
1076,-7.431756847343297,-13.690955763226416
1077,-8.979664455416211,-9.120923044615513
1078,-8.239229483887392,-10.778627879848019
1079,-6.129501711201845,-14.856336067532844
1080,-6.227285794724342,-13.352063505190987
1081,-5.894239242667975,-10.342581146653794
1082,-2.8086771611357566,-7.940184506591372
1083,-9.114870648930767,-9.929528847992696
1084,-6.691990562158757,-9.231631604388227
1085,-14.51531058633202,-16.536972993907003
1086,-4.987569749146104,-8.77568031798096
1087,-10.542777539491462,-13.229691484462062
1088,-13.436231010147162,-14.611635732233607
1089,-11.18260639043931,-9.953479380092528
1090,-10.438707510801272,-17.813734579937773
1091,-3.388545079668503,-7.080163045848366
1092,-16.954889332919635,-15.63959810767296
1093,-13.306153499616094,-9.977178193194304
1094,-12.933137955776344,-13.342526615458272
1095,-1.7432705647890088,-6.509236579974716
1096,-13.966955736924229,-17.928560473812208
1097,-12.801789667148203,-9.791886304388866
1098,-14.675054323979685,-16.51448459207868
1099,-1.0916939621311224,-6.844544214052605
1100,-7.498147940400508,-10.912261867925254
1101,2.45036898584173,-14.48821666669987
1102,-11.038780695210262,-10.888538190586504
1103,-9.731733011969911,-11.536484044435896
1104,-13.475471406649588,-8.411825477216297
1105,-8.205129468062344,-14.622034363168568
1106,-11.440702505109702,-7.431102920345989
1107,-5.806046510760603,-5.200024357165932
1108,-11.679765412313758,-14.088772276728895
1109,-12.346521921808172,-9.926553768202126
1110,-7.5319328653176285,-9.723502577085576
1111,-14.11596592300032,-10.504893451807634
1112,-11.471401019027699,-8.295551148921856
1113,-11.646721278036042,-7.520827431302005
1114,-8.535039782017616,-12.14276152183386
1115,-12.759432168170093,-8.618834013861035
1116,-16.445220466667006,-16.132335084038942
1117,-13.378778144221279,-10.356270223411281
1118,-8.977595121593337,-7.66985973679396
1119,-13.481440559674141,-11.010085026715283
1120,-5.902614476007664,-14.872243915067303
1121,-2.30259271792944,-7.045424630663458
1122,-11.521299772174856,-7.57233784685815
1123,-12.880095917711401,-15.101514487495711
1124,-9.690422961121339,-15.090959180564322
1125,-3.8081236439942385,-7.8382429041376565
1126,-3.4922972296029817,-8.895311824533373
1127,-9.410135595428743,-10.189088356630213
1128,-1.8311968177455442,-7.619629540173879
1129,-4.546827223926928,-8.301948847989303
1130,-9.333306864481795,-4.0102588583263685
1131,-4.8273252518070535,-13.64049208008575
1132,-15.076827752033013,-11.815432183250216
1133,-1.8531285777961377,-8.923070039889224
1134,-4.146338614213592,-9.683528930269057
1135,-2.8638637522040407,-8.574776643390875
1136,-3.8881878962657366,-12.846236469424863
1137,-5.2720536087947165,-10.506520883672275
1138,-12.43941581691265,-19.294565556784264
1139,-11.663104848566814,-15.728307315301139
1140,-9.087599429410004,-11.771966331560877
1141,-9.80966301823549,-9.826269083866483
1142,-6.3187363617338494,-8.74647033175717
1143,-1.3950636429229322,-8.817274393268665
1144,-9.208423973788928,-14.63584067442734
1145,-8.443338676062055,-9.368725900325831
1146,-11.023855310320101,-15.616895887543167
1147,-7.136789650330901,-8.548954497781896
1148,-8.398380233190366,-15.113169283963783
1149,-14.557621634269116,-16.457930745214686
1150,-10.907479859460393,-4.6569897296523255
1151,-7.6052728511748455,-8.675140285993894
1152,-8.023314962427479,-8.665654787707258
1153,-13.132994268471897,-18.710420912978943
1154,-4.871384652572703,-10.048396474479054
1155,-7.809302277096797,-11.701943807693615
1156,-3.371386653896565,-7.775156905988106
1157,-4.172066011387902,-7.176195151560335
1158,-14.087423881758443,-11.151097527492334
1159,-13.001714843105368,-17.77359341960078
1160,-3.7343197652941025,-11.11672657525697
1161,-5.106706242294491,-10.30762769556895
1162,-7.4999900541323035,-13.252324060113539
1163,-9.210089465871867,-9.226194257643186
1164,-12.784360395902624,-19.153884106602735
1165,-8.267550131495506,-9.072017290221474
1166,-9.52477354042563,-11.547552376464779
1167,-8.053384048201185,-12.519965059489724
1168,-1.8382100794291185,-6.204168958728539
1169,-6.462478424572762,-11.548828800163816
1170,-2.4973182614840885,-7.298844772322952
1171,-12.818265668343745,-11.363811455164193
1172,-4.210529650828975,-7.233443183851262
1173,-3.0334675092957455,-7.748761803156764
1174,-9.105711410304721,-12.322794287677738
1175,-4.546409547906654,-7.66158190726158
1176,1.8210868365147863,-16.183988320248417
1177,-6.871651582723205,-9.12572501462483
1178,-6.816229727236927,-12.324054962521483
1179,-7.738940064064718,-13.435747704935183
1180,-12.979322885195282,-17.89132870783994
1181,-6.863690173720993,-12.158224211033112
1182,-17.74013507873294,-15.320902896341662
1183,-5.961924927606521,-12.076501507740335
1184,-5.729491235441304,-10.820677859457957
1185,-7.478165114057857,-11.361685928900165
1186,-7.645553097094513,-12.731285337949984
1187,-6.268733295979587,-11.366358454049719
1188,-6.518556189765854,-12.192164533838127
1189,-7.1402836115881145,-11.63374373419352
1190,-7.617532604591029,-12.592379902582628
1191,-16.016464198796513,-17.767978735277552
1192,-6.533861466472269,-11.851381876694152
1193,-5.486369581363804,-10.624415623556247
1194,-8.847660931986772,-13.964597366645156
1195,-7.264329620712437,-12.974068346465083
1196,-6.363469171688846,-12.781330549509702
1197,-7.9302178691494465,-12.309845548701906
1198,-9.306584628767077,-16.080093941106647
1199,-12.988432605859403,-17.034313939675762
1200,-15.401753728420145,-17.520869841302954
1201,-6.5088292440809825,-11.311926930798306
1202,-15.180371301656841,-17.775040457604145
1203,-9.692306654889386,-13.330742096644121
1204,-3.9559893282094314,-8.192307204123312
1205,-9.085509795328583,-15.467875779669296
1206,-4.111947523112347,-11.049611307149918
1207,-13.000612073927996,-16.763909443340548
1208,-8.54688210526728,-13.415827883602095
1209,-14.817026366819585,-19.037907972854605
1210,-12.884007027234151,-18.208958953211003
1211,-4.701611513472863,-10.134604245785098
1212,-9.066939591889295,-14.241566023414334
1213,-9.036252907020831,-12.332082630766951
1214,-14.69340968331879,-17.596910623700644
1215,-8.072038111968403,-12.777917713787517
1216,-14.052098834774657,-12.514238974056395
1217,-3.9985158135970993,-12.662801240636243
1218,-10.778573824037666,-12.894010351188289
1219,-12.045142274204428,-15.86892077117177
1220,-2.7594932403637378,-3.782978747052479
1221,-12.711201635048367,-9.871709004449592
1222,-13.502540249474979,-16.26682973136573
1223,-12.414183698282917,-15.423008464414698
1224,-6.881815479117965,-13.942175910299158
1225,-15.404979110450617,-13.47205486923123
1226,-15.50358325412222,-17.708189133959987
1227,-1.7874122136377295,22.660512621662402
1228,-1.458334782068646,23.653567520184357
1229,-1.7752126851819465,22.9247672892494
1230,-1.9402792109132092,23.35897194659788
1231,-1.3750869397866483,22.678309820845598
1232,-1.75422547587413,22.047583507585472
1233,-0.7379163227421486,24.85995162779112
1234,-1.4041420828085815,23.341960016744153
1235,-17.019697599122352,5.459921119447
1236,-2.270375750594079,22.608151063657107
1237,-3.3639443368358024,25.493750266739017
1238,-0.5077432758334564,25.76022412263507
1239,-1.7928027788788072,23.96909824264675
1240,-0.6327217354452268,24.57787844561023
1241,0.22412553073763267,21.25979415172061
1242,1.2720969025810442,24.634230842920914
1243,1.0687195610592382,22.707252424350948
1244,0.38849432248958254,23.280607608908568
1245,0.6235162188455166,21.216887453983684
1246,0.7776307950315354,24.994031584565985
1247,-0.006940419799860976,22.074741752468352
1248,0.8359788934228728,25.71460940740397
1249,0.05273667451455722,21.747110621635084
1250,-0.27179352060807854,22.49667854174467
1251,0.17893512449896082,23.63904731155063
1252,0.9095856383147334,24.407659736863522
1253,-0.1712447257739742,21.469946843598127
1254,1.093040042306818,23.15223396526606
1255,0.887432875893428,26.11371230820646
1256,0.3068127917986158,22.75431544613361
1257,-0.10217721527492597,22.429774928906234
1258,-0.38410682542002256,22.080734795334223
1259,-0.34510159256219497,22.45535728453448
1260,-0.9866065108039666,22.54564410465972
1261,0.14103286065560192,23.76883336325308
1262,0.6957131846489011,21.928440484666428
1263,-0.06076929967764891,22.86438631101027
1264,1.0772613727505045,24.313391798929686
1265,0.3159479295310926,22.919771428243266
1266,0.19105238484606743,22.91584815580459
1267,0.5355774467482138,24.98237151142236
1268,1.2788775019037293,21.745416163481714
1269,-0.5814954900919151,22.17872060484477
1270,-0.11139483057866312,22.393495851246897
1271,-0.02013686240630272,22.709559349327982
1272,0.53078987248397,24.458890061139844
1273,-0.42404251792927544,22.55099340451119
1274,-0.6587441343938283,22.088775035339854
1275,-0.5227887500731945,21.926132146257963
1276,0.6413319032572904,23.62570733503831
1277,0.6889087595553235,26.687525423318363
1278,0.7976488786337275,26.03290491093493
1279,0.527016621705171,22.654575952718304
1280,-0.18800625723844527,21.184231929836024
1281,0.9229115426666603,20.21249738224823
1282,1.5215299792938528,21.32813720634526
1283,0.7524229624136354,22.036226540832565
1284,0.6187244452934044,21.6791587462978
1285,0.40305751908627646,20.893614132532257
1286,0.9319650282920233,25.921985402398782
1287,-0.08811948327317823,22.951596896802723
1288,0.0848184560589887,20.831132197885292
1289,1.0361658738967767,24.526086725843737
1290,1.4098221454923163,25.146244470417503
1291,-0.6183749603875038,22.65952100312521
1292,0.4556223792457314,20.792051414402273
1293,0.18463637456991117,21.23979277996383
1294,0.3174084993377163,21.646344037067138
1295,1.639014330245407,23.578207441632014
1296,0.1983462566009583,22.326883435874596
1297,0.08406122760198222,21.208335322621036
1298,0.4881645639602478,21.32323994156261
1299,0.34029553577145105,24.4980263225638
1300,-1.2093002034726124,21.65844381319162
1301,-1.0694822496535734,25.71082801378899
1302,-3.484198007002846,24.950142021494013
1303,-2.545090794766913,21.653474594774227
1304,0.4530766243959766,22.48342658382877
1305,0.7252786493456868,27.00031317402196
1306,-0.6076832590020589,21.26704693051197
1307,-0.18762053765572123,20.907758213051437
1308,-1.2656467177321236,21.34697572307804
1309,-0.18865722268696622,22.218192401409112
1310,0.6264794879178323,22.426695258732465
1311,-0.5178159486606264,21.637881054310142
1312,0.5676528801349761,26.08692571406407
1313,-2.1998050137637852,22.206361795051677
1314,-2.6372148689301764,24.869124639158684
1315,-14.16577369113147,3.076422963912313
1316,-14.876620232512673,3.2256562768033588
1317,-1.696354769157917,24.102088165501367
1318,-0.051154183633823444,25.26747421480006
1319,-0.7686415244065002,23.349775349214138
1320,-0.6244548073483821,23.33080016113943
1321,-1.4667729019976619,24.95476162802333
1322,0.6309566167037557,26.912233243323822
1323,-0.5023774281578507,24.327709161876452
1324,-0.3188739132073072,24.15228740454857
1325,-17.64184493186756,5.137833151731606
1326,3.0418776688367175,23.66003672949506
1327,-14.509536834634044,3.1563375563341225
1328,0.35323161299785566,27.216519218989724
1329,-0.7597259369912377,24.38945906804228
1330,-18.738726511738932,16.717210165998985
1331,-2.263910535247558,22.891432118743726
1332,-1.958706370227841,23.328306567749085
1333,-0.8261580676777188,26.999279433152168
1334,-0.5608287693011763,24.82260568593453
1335,-18.13292969994364,5.563331424884043
1336,-17.389569130444855,5.62388567289348
1337,0.03398451161694765,25.257789372356825
1338,-1.7670979406599674,25.094862679725452
1339,-3.6119652930772994,22.85091432614009
1340,-3.9047555884718523,24.533687207556973
1341,-3.5126336857268186,23.190509313589974
1342,-3.5814457722128368,23.37741322552237
1343,-1.1572331704848628,24.196068923711184
1344,-4.236441919392157,22.650560124347077
1345,-2.1844052584252696,24.16016891529955
1346,-1.7583912109453859,23.68531840068592
1347,-2.770615970020919,23.270540316050237
1348,-0.7351404366688277,25.891766846317587
1349,-0.7045394735550965,26.574843262703652
1350,0.598420946622684,27.497308707876233
1351,-2.8009092649123133,23.65358002133003
1352,-1.1091210355930239,27.340538165537513
1353,0.30112566714534306,27.414694472243355
1354,-1.349752636771962,27.22366884971936
1355,-4.249869747928549,23.342513527424146
1356,-2.237162897029009,21.323570324227635
1357,-2.5923357400444296,26.26267066357656
1358,-3.296474569300177,23.124192221608723
1359,-3.0927148767087074,23.77768070002003
1360,-2.4572673688406637,23.84947488418905
1361,-1.8324476417680595,24.980386956725994
1362,-1.031100420349603,27.08259138134773
1363,-0.6027846114036843,26.799589226238243
1364,-0.2156047180846921,23.650430449902426
1365,-2.157632733351197,22.675867487271496
1366,-19.54148671178372,16.43992423724133
1367,-2.3064158167356696,25.849384151384474
1368,-1.1375944531952775,22.953378502417177
1369,-3.1550775294073876,26.115685011285958
1370,-1.7890096439611385,22.16845105024972
1371,-1.1257786623130748,23.127272200189235
1372,-2.686953160904612,22.745668657146943
1373,1.7144227045385565,25.38233304063657
1374,-0.8331335455658845,23.526919479968935
1375,-1.1973913591656167,23.623940724887017
1376,-1.855149379520513,25.007393995300397
1377,-3.7937780115261077,22.72871946836993
1378,-1.4782070989595049,24.10238870701664
1379,-2.428846105568033,22.57070526994014
1380,-0.6191473915627332,23.444708243813853
1381,0.23497919055981853,27.321620807270147
1382,-0.28151929036400597,24.71573553564501
1383,-0.4941065628489179,24.430385773910093
1384,-3.285593118154966,21.96127388076899
1385,-2.7716692039302426,25.22860800862253
1386,-2.881288741236675,23.456627881729737
1387,-19.264941976249354,16.55676634726033
1388,-3.0942963184881753,22.766178144269404
1389,-2.6435257619770307,24.6385229077986
1390,-1.9501434889935345,23.26403421882156
1391,-1.6065166581522243,25.576872050973858
1392,-3.0474369262975216,24.584193175900694
1393,0.05680154433460976,27.36063249907652
1394,-3.430701476215693,23.938330505493617
1395,-5.097327315981471,24.050085596780246
1396,-2.826630367845692,25.82160053173784
1397,-0.7729633318509862,27.526828313134622
1398,-2.7948275026192975,25.346258887321955
1399,-1.639902876300892,24.397025705898088
1400,-2.6754779467646412,25.32000647901325
1401,-3.3386950254040237,24.437557490970132
1402,-3.0889627742874906,24.14870439182397
1403,-1.828061689951593,26.152915843880713
1404,-1.4311496726838124,26.31823897027694
1405,-0.03529034962900028,27.24640584247701
1406,-2.4723069541686344,22.497907323066922
1407,-0.8939009513500742,26.758933995322668
1408,-3.4845001238523707,24.193638629571282
1409,-0.7970954102627312,26.12232961032551
1410,-2.9367826805477795,24.60368780455496
1411,-1.3235052935844038,26.703796614480513
1412,-2.7834453198706957,23.8389991975134
1413,-2.3296059696716074,26.501332079584152
1414,-1.1745448135375238,27.066106781340626
1415,-19.725863933565286,16.33502759970022
1416,-1.3971346765307102,26.884384026584673
1417,-2.796708788990597,23.433711936406265
1418,-2.413487148278263,22.494664888368355
1419,-3.1701383637424336,24.05863700520469
1420,-19.46781764157641,16.849902292034614
1421,-3.7348160508698345,24.459044010511988
1422,-2.8628091531951387,24.25379188939667
1423,-3.0274118420219103,26.358159946367543
1424,-1.9822104590592802,26.912131591473774
1425,-3.337048880638048,23.625161823803698
1426,-1.0449916568716295,26.771686230509385
1427,-2.8356029940727545,24.17511437354296
1428,-3.193350359442229,25.026511854591547
1429,-2.0804455049798705,26.930244809392484
1430,-21.15963667490629,7.874356113926164
1431,-25.993136424040834,18.686219457232564
1432,-20.640504429928978,7.085133041584846
1433,-20.364902959171868,7.102832244568333
1434,-22.26830679155846,13.334642433338042
1435,-16.647837078698075,16.176579989417625
1436,-21.036860219452418,8.045157868506243
1437,-16.890419923821018,16.08614662992826
1438,-17.220716906201545,3.9538208214203174
1439,-16.95942223425428,3.6972943751824197
1440,-20.136190143282818,7.311203098401312
1441,-20.416082090034845,7.816095422514497
1442,-17.04333363842281,3.873011912962167
1443,-20.709128230787297,7.545093272508752
1444,-20.733790728722877,12.770641889062484
1445,-20.819054874364678,7.877537028409729
1446,-19.728061505014928,14.385015946621502
1447,-21.37298687347026,8.622502465320553
1448,-22.701305393141848,7.93460680352448
1449,-17.257091562444636,3.983584064928931
1450,-14.988814821715872,12.691069727111676
1451,-23.519373933484253,20.06149170914711
1452,-20.444669688433926,12.270790861406908
1453,-20.99357292753896,8.043774624327158
1454,-19.205409127022836,15.276341401088862
1455,-15.107555732288052,13.346312634251639
1456,-17.270588941116607,13.396462376877386
1457,-16.533131859176798,12.812024911443782
1458,-24.16114793591127,18.07889032919521
1459,-15.680737857321226,13.770156773403174
1460,-16.616925086113078,11.345504740355052
1461,-16.310331364497912,10.985386875628647
1462,-16.55356241053576,10.81383825882144
1463,-17.84663192332687,10.568981799231558
1464,-16.793747854254846,11.712069830576688
1465,-17.225264515283847,11.991685786496777
1466,-17.673723340242887,9.62396641277462
1467,-18.465591528992203,14.362101455830771
1468,-17.858150088928994,11.082299079791843
1469,-17.023490290317227,12.017460508493711
1470,-17.308520824893414,11.697124877462182
1471,-15.68607116314192,12.71265561107741
1472,-17.88577472020718,10.648376086576429
1473,-17.83797994114673,14.134175015159002
1474,-18.74701523332396,7.555807019792952
1475,-16.69817011828613,12.775272308443087
1476,-17.752754147384906,8.746828221641298
1477,-18.840169922169412,8.563095110875704
1478,-16.13460975554616,14.3211334319082
1479,-16.559023471681236,10.239754840990345
1480,-18.05877200653184,8.587773892783181
1481,-17.63002839988032,13.214781675845579
1482,-17.172857325073718,8.776784200633491
1483,-19.189876075981235,11.198594809860861
1484,-23.85981828299921,18.72782638352721
1485,-16.741297617738194,11.417827026489858
1486,-17.526279844619765,12.473295416579267
1487,-17.88435393403896,8.44782742301819
1488,-17.967307154424162,8.894396611807824
1489,-18.994267891586055,9.666755881814817
1490,-14.741964311368495,10.83847975655592
1491,-18.29775651372864,12.597869765114728
1492,-18.330886742397485,9.99713245004957
1493,-19.25475085505413,9.850004038752083
1494,-15.509185702839558,11.941425051760472
1495,-16.113849935958132,12.735157446616348
1496,-17.883035394296204,7.759338598992072
1497,-19.137461385035948,11.169868883774031
1498,-14.649330472143564,10.418795289538458
1499,-18.864913687093253,9.08922407931022
1500,-16.170680318479075,14.036077429899784
1501,-24.034000163495826,18.599093619983083
1502,-20.118558125408338,9.148722332733588
1503,-17.224842968652855,8.415975174672868
1504,-24.57519828228231,17.616774794948007
1505,-18.584556743422745,13.067615466825693
1506,-17.9890160424986,11.119871094896576
1507,-18.749750932974298,7.727353713105067
1508,-19.153527494215183,9.78391678810355
1509,-16.669146852187673,12.070567279834657
1510,-18.68015719494891,9.678664877569272
1511,-23.007440846448652,18.716432516660984
1512,-18.32368765652635,11.715217359293984
1513,-16.467480813070356,14.057437321094076
1514,-18.36726332176681,12.38470856493629
1515,-24.110731007822636,18.05441931473843
1516,-25.386676912512854,17.405217142081803
1517,-17.215210325205064,12.419208021437907
1518,-18.036189222792235,13.711955975756533
1519,-19.199455500993018,11.465300958076691
1520,-24.42459668537281,17.345920341995743
1521,-17.933558317452952,12.26666886940283
1522,-19.353212897078027,12.426658286238455
1523,-20.134358598673945,10.47013144186518
1524,-17.939904220888497,16.70044903251148
1525,-24.22257035630392,18.318492065858425
1526,-18.646176775524243,16.00511093007871
1527,-23.40750665092875,18.032261628510575
1528,-20.15273151882956,11.685975825998037
1529,-18.681152345206307,10.657746762439263
1530,-17.889855170420525,8.520843083911325
1531,-18.178974125030834,10.661626772020814
1532,-18.4259213466849,11.209792821492414
1533,-17.085019728985177,11.590116818826345
1534,-15.172580638821685,10.421992498040488
1535,-16.484172101754385,11.749369550642122
1536,-24.49896588319217,17.297684072160344
1537,-17.448358823853116,9.761941992704388
1538,-16.531511450400842,9.471385275244039
1539,-18.19509557036361,11.824978766491341
1540,-16.31290128994675,13.745129475086344
1541,-18.080472119030816,13.909508495495494
1542,-17.78759344889443,8.44089082070068
1543,-16.263523649296417,11.431598339560972
1544,-17.452580359617997,10.207570630674269
1545,-15.63726422653785,9.826583466352098
1546,-18.859386020669287,11.450008308933715
1547,-16.87720866372014,9.328796901279546
1548,-16.012554071921056,13.718961313686574
1549,-18.013118087286152,9.821263400055539
1550,-24.775332608918653,17.402346123394246
1551,-16.889676927793765,11.036088839516507
1552,-17.757417829288716,11.668591689980587
1553,-17.967925402471728,9.245042596226172
1554,-17.89314296095334,10.644569539288515
1555,-18.269112683750222,9.915989712984299
1556,-18.942335952315418,8.692477245977424
1557,-19.83885417043862,12.274201265594662
1558,-19.858648248417403,9.910878792757837
1559,-20.390061884482154,11.00158417927636
1560,-20.270181154012807,9.258791846472027
1561,-20.03761169236555,11.147133430444041
1562,-18.05668196510823,10.107847781561016
1563,-19.63823485107089,11.176268242683413
1564,-17.093326689868174,14.153379624668606
1565,-17.971302569310296,12.333071178378036
1566,-19.89457026131032,9.320833552515557
1567,-19.373102900470744,11.9995503550826
1568,-17.826390662625915,9.36235530183972
1569,-18.221533635349974,10.000872967003504
1570,-18.299812056821267,11.378541566353444
1571,-19.25975335024422,11.482781463022132
1572,-16.318559252348265,10.130266026640502
1573,-18.997675602409096,10.057113737534536
1574,-16.620010886013336,12.587486005063951
1575,-19.74769322729927,9.710957793056634
1576,-15.493520731567967,13.608577710329266
1577,-18.116671179166573,10.359397673729076
1578,-18.02713436946578,12.643213510447415
1579,-16.922505916529797,8.317218138571617
1580,-17.191347942892126,12.144302079818146
1581,-15.788705105672912,11.89009187472231
1582,-17.38015756882214,9.036404144711438
1583,-19.13683757586608,8.262033283061935
1584,-15.46689663775815,10.070276782931908
1585,-23.607559955896196,19.736456251510376
1586,-15.656385083747814,9.952220860302086
1587,-17.910877772545714,9.367059324549915
1588,-16.54849558046413,12.31637890384383
1589,-16.693996394771624,8.843321046261352
1590,-17.77438779865661,10.410160185124557
1591,-14.661573219661681,10.827621099492838
1592,-19.446218469182632,13.001277469986919
1593,-18.717322885047622,7.669582331826166
1594,-24.080434192882223,17.553103574109073
1595,-18.25425694057733,12.105958597122328
1596,-16.51577439002002,14.225706199012802
1597,-18.875944276622636,7.387575897595282
1598,-19.338496965863968,12.103091651857916
1599,-18.801546092716556,13.319412469440834
1600,-17.374341522310612,11.868933673068453
1601,-19.142439611322825,13.274839304046754
1602,-22.66045660287246,17.409061692321778
1603,-20.263062320674155,11.77329180177316
1604,-21.326162729817774,15.688458463855733
1605,0.8079768098708058,27.63888026669927
1606,-21.445943637682237,15.832538879069
1607,-21.579555272913375,15.70790569014566
1608,-24.07303192596804,15.201504720805913
1609,-21.538128142331242,16.149506972337264
1610,-16.20358361862995,3.303266594082011
1611,-23.41148873732761,14.71171247927939
1612,-20.924702360491075,15.48284140048229
1613,-22.625816869289913,12.930602635445753
1614,-21.894144163553953,12.195049103264683
1615,-23.44064542028538,14.865363153092012
1616,-22.044465300104285,14.301283523321644
1617,-25.368126474336556,18.55523755516944
1618,-21.78762477051529,14.840550528101712
1619,-23.046752708800145,15.50346279468323
1620,-22.05583409605101,14.516666697303005
1621,-20.713633882024055,15.99182560673232
1622,-25.33533016446828,11.55736504514523
1623,-21.052855745998908,9.923092876061025
1624,-21.307972521522746,12.078929162134422
1625,-20.716233039584665,9.698642060884946
1626,-20.091487013617517,8.227843027225854
1627,-19.307493017996467,10.727030727931359
1628,-19.323058938296928,10.642617230262415
1629,-18.789822598710604,5.978079708187677
1630,-16.301312482702905,4.220344879080547
1631,-20.44074445258977,8.43669520823331
1632,-17.43725599838999,4.077063408848214
1633,-16.2259450954292,3.4181908583303553
1634,-21.458984770069147,9.7415436456462
1635,-25.27492870852765,14.530013823290345
1636,-23.61894988692685,11.82958802120064
1637,-22.840955819688467,11.53787417904822
1638,-25.368838049169728,13.150927299029128
1639,-25.420192057489267,16.110598517366103
1640,-23.65155697346734,13.914823042072559
1641,-23.06198134122494,10.990176679181195
1642,-22.852572768038137,13.42287760559333
1643,-19.215816404744768,14.069478518758954
1644,-18.369275452384453,5.209058369086103
1645,-24.05132701014948,12.141969017583488
1646,-22.22210238700306,12.343685910053116
1647,-22.945508587486323,12.439638641123176
1648,-18.65866892203646,5.248840244826593
1649,-23.817292928541484,10.335752938380141
1650,-22.744702342344702,8.926794310489521
1651,-25.545542341955542,14.294603438038964
1652,-26.303795313999235,15.478536155215263
1653,-18.527224254020606,5.262849904438023
1654,-26.707762901767797,17.63028377271814
1655,-20.695869625619626,13.743089126935331
1656,-27.047366175415945,17.31037995140697
1657,-18.465814734043835,5.266079056757178
1658,-22.61819354896491,10.636277921850052
1659,-25.910962087015438,17.433772262956253
1660,-21.037373300661642,10.20504272168049
1661,-16.66845828167457,3.6532811596850783
1662,-24.585800414089967,14.257847450371525
1663,-23.715844884922667,9.171871552365115
1664,-20.07390625622663,11.350756286643582
1665,-21.52248879834902,10.490050452793529
1666,-24.58270516924684,14.652514112603319
1667,-20.514140060438212,13.357133063138704
1668,-21.384632285123605,14.879243868447896
1669,-22.452803291616256,15.396845007919366
1670,-23.596210711228483,14.9764747003662
1671,-23.803715327629508,15.19519091801156
1672,-22.904811887804662,10.685787417465452
1673,-23.062633361296477,14.602526371522297
1674,-23.15599981428163,10.434232310443893
1675,-22.591273291883397,10.873607270974912
1676,-19.76030935709209,14.43189758133528
1677,-23.335964921670776,13.429080792935071
1678,-24.408813187051784,14.058106916487276
1679,-20.96848629101187,13.729479417983068
1680,-24.87957316540281,10.626427120371059
1681,-23.730355455167995,14.390152232467049
1682,-21.637868102088458,7.512238284555806
1683,-23.73428795342607,8.501702086712294
1684,-25.588777317126663,14.03128470808681
1685,-26.804048182963374,12.825781854671934
1686,-23.254234593479953,12.694722126703045
1687,-26.11474708589967,15.389494710424684
1688,-25.761386438546225,9.438648095808192
1689,-24.245181829281684,14.560508847069446
1690,-25.15194680293295,13.09129563625887
1691,-21.247531189185917,12.02015488841599
1692,-23.50496149204401,7.598984872093668
1693,-21.499996578352473,10.029148263676154
1694,-23.314930669223763,15.032275098954623
1695,-3.856496073797576,27.823564097352925
1696,-17.72803157673353,15.10603582580694
1697,-21.442152570058724,14.604063345238563
1698,-20.82597890623266,9.96731373173974
1699,-22.14526317318927,10.708937284414166
1700,-18.834701786538112,12.596908347168496
1701,-27.11089823770699,16.783882103697504
1702,-25.85012354983717,14.481660354792803
1703,-22.187090345630857,8.73872248786352
1704,-22.708841541227184,8.808954484156697
1705,-23.85920890854528,11.69386709052726
1706,-20.937294612663617,12.880693304915766
1707,-23.237551636189625,9.897296803349453
1708,-23.0210396379146,12.882565417143468
1709,-21.325708173132867,15.053718161093341
1710,-20.52481805637821,7.948827591852169
1711,-20.66636182151358,13.275728631303265
1712,-21.643442172569838,15.314130473793222
1713,-21.57069415670637,13.581512777630238
1714,-20.77986373412564,11.61403670283167
1715,-17.303418606619044,15.277138231944342
1716,-25.544096555595125,15.950932698666861
1717,-20.68347098755004,14.402178666125145
1718,-21.003574969309092,9.946230544802084
1719,-25.354149919890542,16.661367149764715
1720,-22.85271502921737,9.768359297386285
1721,-21.246636598996943,11.268392485002755
1722,-21.260275830873606,13.379148787272024
1723,-21.91234850147487,10.559264673665888
1724,-22.07990637767851,8.213381248741701
1725,-20.994720810801468,14.997827706484816
1726,-25.833796391872163,17.901187603681876
1727,-19.638640752223463,14.05046467862154
1728,-23.254369101860902,13.381802631779207
1729,-25.128401977261017,13.635916684482732
1730,-27.436454867890042,16.57677769284846
1731,-26.274020121455106,16.829556097587336
1732,-25.306649323595455,16.703663561293688
1733,-26.263036319984828,18.341441137292474
1734,-23.625012191080764,12.908009695369266
1735,-23.478850803843773,12.048898635368866
1736,-24.91900272144684,10.714693962106407
1737,-24.541815369085057,18.611697140076746
1738,-25.325021295164916,15.867013986825258
1739,-23.99918338120209,10.767598610554185
1740,-23.06661517452894,13.783631964621266
1741,-26.750428544256252,17.93985498812358
1742,-21.17488799397654,11.450512827869698
1743,-24.294348005660964,16.66419774149064
1744,-26.394652210465065,16.30778698287023
1745,-24.870492925491703,16.961426629531054
1746,-21.8313010162238,13.037629312787594
1747,-26.3712763380451,16.928893004417937
1748,-24.049003232117826,13.193966238531543
1749,-23.714289785716755,7.530366537160704
1750,-23.152432583858385,8.35247861801472
1751,-25.232000309848107,17.99095089565752
1752,-27.238177323058764,11.099044544403249
1753,-23.318458767595917,5.6787082291029725
1754,-21.314925537243557,10.719064324503162
1755,-23.62033811292756,13.008614460512238
1756,-26.455157631861223,15.972161151454864
1757,-21.923787323809414,11.42410409363857
1758,-27.035130334317053,15.197379033744399
1759,-26.82491129751491,16.011125619507094
1760,-22.00282060725773,11.390411400191844
1761,-26.679250519803354,14.492302234747445
1762,-27.410152269848584,16.074224155410615
1763,-26.913940013852596,13.980074978614226
1764,-22.68897331832976,16.339591626783108
1765,-25.45591499340837,11.213830492506416
1766,-23.76747988995011,11.360360292734915
1767,-24.155244914208964,10.935900409068669
1768,-26.282391614259996,10.88279303639246
1769,-24.53096094533537,12.917765123421105
1770,-25.35760406812112,12.498292329208391
1771,-26.857493450737657,18.19852228916615
1772,-23.12486885227309,13.356062465731213
1773,-23.94590006579213,13.3685672962376
1774,-27.759114089256048,17.314481884341724
1775,-19.842908502826443,14.233697857119338
1776,-20.533056199196963,15.635065647701419
1777,-20.909094294751327,9.758660794685982
1778,-19.269869083023686,15.079068436992566
1779,-24.38555249779576,9.260471464082029
1780,-22.60803205616884,9.987888170555063
1781,-21.466249371311104,9.93411460274157
1782,-24.991445768612472,17.322219349220834
1783,-26.017099695174476,17.828657699922566
1784,-22.705123931842188,11.661434593642213
1785,-23.314302824818377,9.73051808002969
1786,-23.564850830947492,19.964102393567106
1787,-21.365241498841073,9.190461376358522
1788,-22.683684819801968,12.288550870453784
1789,-22.11333215817586,9.962619646450962
1790,-26.216330956378464,15.204208351076359
1791,-23.613320769880396,9.892765739973015
1792,-19.10996268156908,15.206455522292277
1793,-22.800079510512496,11.35561085318441
1794,-26.58927356246987,16.066577364786063
1795,-22.17547693783713,11.20460980754949
1796,-21.77190601543947,11.755476415032945
1797,-19.757440355511193,14.315545089888019
1798,-26.655041265070636,15.906955437751753
1799,-19.67923096842089,16.144595949671935
1800,-21.713401644482417,13.625312048830429
1801,-23.67863435657546,14.177117631519208
1802,-22.68685373691457,14.468454749426398
1803,-24.75460418721079,12.805675744745258
1804,-25.522477667366005,12.867983353900698
1805,-25.77526863481851,9.928908510963144
1806,-22.59357709775653,15.007921938718585
1807,-22.925930604570095,15.775176388432412
1808,-22.118447256817543,14.404884502247896
1809,-22.024784624469252,13.99639921776655
1810,-19.51494789950995,16.003965150036755
1811,-23.20903620598791,12.645191082845283
1812,-22.264084674248956,13.684251500643313
1813,-25.747421092885627,16.142663586901566
1814,-20.071795969275772,16.63995926408019
1815,-25.868619478124057,14.53784450025972
1816,-22.140032988290525,14.588199813211599
1817,-20.428067284781644,14.92516743816334
1818,-24.57307725899639,11.801403814070015
1819,-21.85151497015492,13.48924571541891
1820,-25.243945728417565,13.214530936194835
1821,-20.079616822797405,15.899532845586062
1822,-26.259320537623733,17.838600089212186
1823,-23.256721220824925,13.058343616193996
1824,-22.669467696434435,11.8617186892076
1825,-24.652012037489484,11.506515377301415
1826,-25.385916766092105,10.536213300716465
1827,-24.009831954441996,10.426996920809266
1828,-24.649780985316433,12.607758626042934
1829,-27.078067631746883,14.76030846768433
1830,-24.453185455959947,12.514940138570784
1831,-24.632457631246215,10.077488974901925
1832,-20.310690296971448,14.456142836766995
1833,-25.505358146759992,12.745696901527431
1834,-26.038374765807983,12.77348492843717
1835,-26.19442713204762,12.500148516155752
1836,-26.163120635667205,18.72179211600357
1837,-25.30919648496736,9.885918195400768
1838,-27.20311040269494,16.645342735475634
1839,-24.611315414396174,13.277144929543981
1840,-24.550891504782058,8.337157962136477
1841,-23.783900670329302,12.55308655847956
1842,-19.63625701342494,16.057793259474867
1843,-25.96117478243791,13.199039429132622
1844,-26.797188375651587,14.131624342729145
1845,-26.17330748854775,15.881833470125143
1846,-24.805639757350097,11.01461451873757
1847,-25.512074412342237,12.187531685514397
1848,-26.87108454307621,14.106215870847187
1849,-24.401802977595626,8.616219012473383
1850,-24.30560871357551,11.201818112633175
1851,-26.26729129257439,13.876679616974368
1852,-24.61134950446138,10.431240472251279
1853,-24.94758400361109,11.594782832684839
1854,-24.386183843710008,15.051504979270398
1855,-23.56159617547024,11.312136522154205
1856,-26.15376982625466,12.92164426336936
1857,-27.26270893682151,17.633143319368322
1858,-23.010332537125862,8.865782891942262
1859,-27.09518805262549,17.958844820544872
1860,-26.227358984550097,12.096335691162707
1861,-24.189502944486364,10.005792484435029
1862,-3.957861968059632,27.877685417605854
1863,-22.97625063989705,12.054671268090258
1864,-23.85335334201449,10.591177185808096
1865,-24.491740512313935,11.161207962976059
1866,-26.884672673853583,15.664649804702398
1867,-23.819765639192575,9.860084328208496
1868,-25.171228358674284,9.190698156429955
1869,-26.938038328938354,15.638787691789057
1870,-26.25201355699431,16.646813946211047
1871,-24.82161624083968,12.245348231825496
1872,-27.32282419643596,14.311395740150381
1873,-25.69036094346518,11.573623164610513
1874,-24.231726471001345,8.583128577417972
1875,28.252113529382306,-0.9454778006881864
1876,23.864637545194764,4.025891896979727
1877,27.458863654371548,4.769859268330272
1878,25.246746469060536,5.819059038868624
1879,25.20915119050272,5.301975089537073
1880,22.597869386532313,-5.410656079277633
1881,29.30145319021827,4.11417130924957
1882,29.2693849054091,3.2364331110936866
1883,25.287596264012375,5.015114259408287
1884,29.656742343125767,5.866409121289562
1885,27.181381720368456,0.4190321196012795
1886,25.11184606301027,5.248737505826097
1887,25.516950772532194,4.523380730856584
1888,25.530296870690897,4.016989391158588
1889,24.39605984747445,4.538085243201917
1890,24.784774659783537,4.393337655395356
1891,27.49511362012446,0.5267535863874426
1892,24.130954734912983,3.0999605160406025
1893,23.884719632027117,2.3567670309662945
1894,26.829597204739308,1.9925368870540827
1895,24.312394608312758,3.279815412080633
1896,27.436961775200444,0.2288855242802191
1897,26.44806585853827,6.922809329613586
1898,24.474448826867363,3.8942838772448423
1899,23.90786253415289,3.615069962950456
1900,24.68840756146734,2.089932857818598
1901,27.85011955393513,2.9907859262365566
1902,26.01125137587256,1.8519278090611009
1903,24.394138958613055,3.9627768497271565
1904,27.44123718404244,0.30702125837706573
1905,25.152846622447868,4.457535740138947
1906,26.887347145829683,7.30359576999281
1907,24.57638831165128,3.3382816336961465
1908,24.691915524034908,5.019688194150454
1909,26.11516954424847,4.118030189501375
1910,23.81627751039942,2.186071910649868
1911,22.559282984388744,-5.33079230190594
1912,25.356887807783988,4.6008310923711315
1913,26.804096452862705,1.1336913225777308
1914,26.232071612591398,4.689554299486263
1915,28.77526820965944,7.084246712877267
1916,26.277706540493536,1.7399328095226871
1917,24.69164052408037,2.956415409285673
1918,27.738296898539424,3.9600830183206117
1919,23.89980533065381,3.955867453560782
1920,26.652563971049876,0.414461116220754
1921,27.124353923693427,5.193524292704371
1922,30.28864647913838,4.829649975116315
1923,25.42968967009716,3.256267091049453
1924,25.876453901010596,8.436433761384018
1925,24.46450250214293,4.127968874471472
1926,27.29691497517976,4.485542080757507
1927,27.936874471370352,4.661328874917495
1928,24.14037239616521,4.2867614678329335
1929,25.81041716179176,5.434704000065132
1930,24.990946418438973,-7.645320354027688
1931,18.52971501872553,-14.369690009670325
1932,25.36692940184871,5.346139210866525
1933,24.150999729002795,-7.073981808819543
1934,27.15439254050444,5.258597335847333
1935,22.975496872939132,5.790358898653406
1936,27.242524311176844,0.26361842452740486
1937,22.908242388332724,7.659016885160777
1938,26.954546693880165,8.625061385291108
1939,26.366524226171087,8.636566510363659
1940,28.904887772871263,2.466718732061178
1941,27.983297018546512,8.30083806801671
1942,29.30504763366304,2.2187006228475163
1943,27.791318005516864,8.335350939353097
1944,29.414165024702342,1.9245382666448598
1945,25.65068413545681,1.199502315142314
1946,22.78052380729437,3.4362406697299237
1947,23.885633460933008,7.737837238407265
1948,28.27434066660055,-0.9710390791957839
1949,23.714100509177214,7.543661626084967
1950,28.518201786425777,0.4616704538513169
1951,28.001421645413064,8.374202252477769
1952,27.530711189546718,8.493035200858369
1953,23.59209904395452,7.0250532955840415
1954,27.77363669263718,8.492481611737137
1955,23.607505417093126,7.4143558642059855
1956,27.45977608372245,8.794359291578562
1957,23.477091727649444,6.140742616288757
1958,25.875482808468988,3.87163970364168
1959,25.755585004473588,2.0985446816102384
1960,25.185985599224434,5.581714902144617
1961,25.808653052400402,2.9766915809402708
1962,26.00061720125054,3.2711954277362874
1963,25.29211909191223,4.080820439677666
1964,24.23628630664198,6.5068664618778485
1965,27.64654395306551,6.252725843823428
1966,24.20471928436265,6.7927250044777
1967,20.954336869279476,1.1654375038410387
1968,28.071514490273497,1.0090896795051245
1969,28.054855730875364,4.700583866504436
1970,23.211413885004372,3.480692721650795
1971,23.619324529706475,1.9006474041935715
1972,25.804386190255748,5.365645493859873
1973,20.655321622087715,1.01222476530576
1974,26.677857876847863,3.631811723419546
1975,23.844818363340416,6.149578151291871
1976,21.064110926737808,1.3535908106584056
1977,24.163780096608058,3.353862146247086
1978,24.30179478983912,6.115355116568136
1979,25.29636554253399,8.2324238454617
1980,21.222426898257787,1.5192607523474386
1981,27.531371103828654,-0.05045919131266932
1982,23.943063798178773,3.6778982594951457
1983,27.20500274125882,5.660110570959956
1984,29.187890505158443,4.054418180776493
1985,26.249585902016854,7.558948121920175
1986,21.09314886314144,1.411888163063218
1987,20.882702940956282,0.9551578562501168
1988,24.210006540463045,6.547070530685503
1989,29.550240654578786,7.879525108319185
1990,23.314514196395923,5.77270077604552
1991,28.07144141218211,7.455950122950634
1992,28.909243647895586,6.962689027790825
1993,25.661665834371533,1.9445036132902642
1994,27.984959074901873,3.170505164032121
1995,26.128907962013315,5.496098678064234
1996,29.771695460585534,5.744796396492707
1997,24.968313114570797,7.084517766297138
1998,25.19312813758732,6.384518703523027
1999,24.25829798953961,2.972391279534531
2000,28.12522765555269,2.0485533964186136
2001,23.601298570208137,5.258773191335561
2002,23.355782193177372,5.237057416339921
2003,23.87494583019665,5.5699171704683055
2004,29.010828207374953,5.306918932134719
2005,24.3167197564491,7.553438069083534
2006,24.565802542416975,6.2132844800732965
2007,28.011378098714577,3.0755100874497923
2008,26.948193953227722,4.26782816632909
2009,24.53975959831602,5.5444596715673855
2010,23.01548295382085,5.4751008948754585
2011,29.927336358368706,5.810242673176084
2012,25.97366338067722,5.1138052486213645
2013,26.520174409995604,5.113882550311145
2014,29.220120983251356,5.02829769110906
2015,24.321864114264677,6.935913187668806
2016,23.458413958187304,5.868385841486185
2017,23.747739437776378,6.517838690867247
2018,28.380157018810916,4.842189031779811
2019,28.016426696376016,5.740751279261419
2020,28.731999076240164,6.787633245953441
2021,26.905829454585373,2.202956589058208
2022,24.70427934107745,5.926157525823701
2023,25.196573650660913,2.987581464992011
2024,23.290306845970328,5.473242852758739
2025,26.45862063822828,7.6354206809652
2026,26.849165490512508,5.327944851454138
2027,24.543865715309256,6.325260885847942
2028,23.656783990436132,5.438237346962941
2029,23.519168911409846,4.317260293037113
2030,29.800701381780165,4.609339622069208
2031,23.882953889879076,2.162682705179576
2032,25.761872871457726,8.036743787827298
2033,25.004013383827484,5.98372371712622
2034,24.405968983016184,3.334611402949675
2035,25.282530652369005,6.734305503308337
2036,25.923085475186394,5.6863513163013355
2037,27.608252686405127,1.9487263292110168
2038,28.072072016519584,3.7492636363749368
2039,27.584879926373365,7.675952513183
2040,26.862995916027238,5.3037853711776854
2041,28.835545797656188,0.9989708884117682
2042,28.53003690196697,6.829078189624485
2043,25.614606629677596,8.333618402865675
2044,26.97878608762323,5.467347592896996
2045,27.535911666601695,1.25332038333774
2046,27.452433565147235,1.9099835258942148
2047,24.818058229300235,4.825452558753263
2048,24.55771640116203,6.244268980518858
2049,29.452975721359326,6.224104562012184
2050,27.4375109494738,6.922255631621282
2051,26.610621696518905,2.3793521142757785
2052,23.3103585146204,5.2871363698983185
2053,26.920154371176,6.3241974426443655
2054,28.178480954449327,3.0826621562912724
2055,28.25997173680866,1.7347440644911192
2056,26.024429347121142,7.71266525536345
2057,28.316241429429777,4.2960156869638615
2058,23.14310027163324,5.594697576517846
2059,29.761068988764308,8.615721314453118
2060,24.5602803681813,7.929287228782336
2061,28.372338065214056,7.644051398945458
2062,25.453924998196296,6.2380644502272915
2063,26.910631973292666,2.1177223063607737
2064,27.088420805996066,7.485194361736568
2065,27.146804390798533,1.9665351820677948
2066,24.909905413701185,4.010918147373617
2067,28.19746975349331,4.10995188312421
2068,29.0604133660308,6.749077042066577
2069,28.274544759323916,7.144976359038474
2070,24.101688172776775,4.679052533987629
2071,23.089006560910853,6.009869485965898
2072,26.56359477225599,7.829847699412383
2073,24.989122208310963,6.44021467386988
2074,24.263963883740164,5.817104182670157
2075,28.045895844646797,5.0670091079452
2076,26.189345946285876,4.350009279306297
2077,23.206000844439487,4.635010176431713
2078,28.663143070802306,2.6771856052455014
2079,27.58775569526924,4.440448569454605
2080,23.396404850524046,6.215158904595447
2081,28.483817946593064,6.720461925520454
2082,27.81554126676301,3.7339810006185132
2083,28.367602374728772,7.860111370257972
2084,24.117592339675845,5.296526021028724
2085,22.72964931124419,4.760272059480094
2086,28.262449269963874,1.1936833314968385
2087,28.97635499651526,4.597085331019445
2088,27.205541724791804,2.4804748884581054
2089,25.880890095900245,6.522985064702893
2090,27.02263777745986,3.0430000846448326
2091,23.46048585134547,6.00217753258368
2092,23.870804233189666,4.82179757995282
2093,26.666814105603393,2.1881063034050854
2094,26.087903834552478,6.69656139901993
2095,27.346748442405545,1.743223948254604
2096,26.562296322860636,5.499090683954378
2097,26.05334583687671,6.933900306842114
2098,24.918530584944392,5.509651064281615
2099,26.85105460843664,3.5583755065794165
2100,27.81674474051381,6.4020554319125935
2101,25.30316917850501,6.923810030525937
2102,27.84195851090583,6.587206876776576
2103,29.079513873942595,4.998004269906194
2104,29.192531682456977,1.9401973136835622
2105,28.01060702532491,6.060592562860316
2106,28.171273794466114,0.7379087603297814
2107,25.780366167199197,6.40586566188407
2108,26.511773645047157,6.0348847165793975
2109,27.106145559346796,1.070962044162686
2110,29.00598586167522,6.647118816946342
2111,27.849861322224914,2.6036116658556376
2112,22.750589162547634,5.843479380961365
2113,28.10611793647746,1.4570718125414104
2114,28.24223189718459,1.2490089419178974
2115,29.808151409305047,8.701428770823087
2116,28.829412975959244,6.904250029845977
2117,25.359676077531365,6.946819082439739
2118,26.07110530170406,6.361686548121633
2119,27.29942438644521,5.689011494288369
2120,27.929816250782054,1.7418993367757503
2121,27.17907714198136,1.6818054014191834
2122,26.990595944266968,5.783576884932586
2123,28.287655720142762,1.6704090778195682
2124,24.36405076006772,5.396302954258926
2125,23.948815029693716,5.950851255269833
2126,26.683798587206756,6.460020500152986
2127,28.239452912026735,4.372309085164277
2128,26.993037323932814,7.543375650463949
2129,28.508934202413027,5.4797082367273235
2130,25.87495470406086,6.121236502863716
2131,30.279325616629734,3.3095116846801442
2132,27.943864476163363,5.781964364852826
2133,11.047572922225248,15.915521092354002
2134,11.021400429169896,15.90453573502097
2135,11.042508080928473,15.90903190955692
2136,11.050693327979562,15.929001357214423
2137,11.077222398492676,15.964129947255596
2138,11.113919113891559,15.946591538926231
2139,11.108557964841928,15.905847586999462
2140,11.019425533177317,15.87576523861785
2141,11.015150781562456,15.8662045051395
2142,10.983912193280023,15.808261679082095
2143,11.056355256946405,15.928609712932762
2144,11.055267567579065,15.917623335016373
2145,11.085193759398008,15.952081492007448
2146,11.117023432802624,15.975637568353052
2147,11.069748566836633,15.931728098160445
2148,11.085987378447163,15.955349445617204
2149,11.087250021458651,15.94771460755296
2150,11.082838081334922,15.946311576319902
2151,11.066024031265636,15.922960267788696
2152,11.063579781857209,15.923107033869565
2153,11.060219046699194,15.921816324200403
2154,15.917205184225228,19.253614195757507
2155,17.535395662449893,16.026210128541603
2156,16.034679641297302,17.935103214965263
2157,16.034046079375283,20.216341253513683
2158,15.397131751992957,20.361060756053302
2159,16.548904549207155,19.963212920255057
2160,16.07966978210092,19.85436564313017
2161,14.775073167463935,20.006211772102898
2162,15.813226746824272,19.665616931054583
2163,15.2188409942775,18.103195440174073
2164,16.735832624954632,19.113237782163313
2165,16.067567236394048,20.54036784456957
2166,16.24537392298283,19.811295984217384
2167,16.27105536966708,20.349216479894913
2168,16.773057177957856,20.176386270947454
2169,16.26697131143546,20.351767760926094
2170,17.064735473303024,21.882648838522275
2171,16.52792942338852,21.790031693622495
2172,14.77787453791155,20.88100109639374
2173,17.434587377275808,16.209484902272322
2174,16.527842220523045,18.931750957455385
2175,15.699162613386823,19.10217652935305
2176,15.956666709601349,18.249298051163297
2177,15.80652550338572,21.168530511686676
2178,15.526804043692106,20.380687750430152
2179,14.591142669134364,20.666694396957638
2180,16.21424561499748,20.65919417543167
2181,17.656013650183876,15.834889660967153
2182,15.376796973019932,19.679739107419728
2183,16.49156399813435,20.59177137059234
2184,14.389179473169836,19.817594477079513
2185,15.718438105868595,20.705870470218887
2186,15.1242965945432,20.802545717036956
2187,15.220067909067408,20.71013301740734
2188,15.139561325990215,20.074305759004858
2189,15.966248557780219,18.895474342992436
2190,14.343056883351675,19.74917211946258
2191,16.007985743897272,20.050921926773068
2192,15.689945243635867,20.832519053972053
2193,15.512938524023106,19.488535937308093
2194,14.996471497333111,20.387396712671155
2195,14.811583264645865,20.049158771632598
2196,14.230637883871236,20.130322490259637
2197,14.056826360971648,20.47616812549571
2198,15.486373190203503,21.141812030656297
2199,15.816106407193837,20.666813156388653
2200,15.510320453883756,20.014642901696153
2201,14.640168284416305,20.723760208508228
2202,14.39913894114193,19.61247224165554
2203,14.964572538633501,20.378375773213236
2204,13.996463613457637,20.15962777961178
2205,14.988560926239188,21.11466093298074
2206,15.851528937960909,20.708091392145104
2207,14.676877397564267,19.877247575054664
2208,16.567231724532537,20.89181640651564
2209,14.32326341555129,19.81103968247528
2210,15.396910765795324,20.05080498921854
2211,14.882071240731664,20.14051127593229
2212,15.49717403816831,20.413363664800414
2213,15.805673891349688,21.177554438780852
2214,15.536919718070473,21.116750457788555
2215,15.046593143999967,20.280790634452433
2216,15.060585740919775,21.406008632106744
2217,16.309843797487623,19.689333004692894
2218,14.916273425856176,20.448240176445758
2219,15.557966542561738,20.481942146272537
2220,16.10413170921348,21.094464359248626
2221,15.83145630700796,20.309180173113763
2222,14.675781028026384,20.562142944772965
2223,16.970373607003786,20.8327169647912
2224,15.554318195302166,21.34225400473379
2225,17.19430770106194,20.719235483266342
2226,14.414812766475869,20.964803186685472
2227,15.616194635571679,21.13090496145765
2228,14.562155532619446,21.19009274610274
2229,15.949616919663535,20.02756880675746
2230,16.43942427235292,20.84621273016331
2231,16.994774053622272,20.582858358198887
2232,16.246110477677906,21.39575884715685
2233,15.9895315544271,19.14264130686674
2234,14.517406050203634,21.32770204257848
2235,15.934035589749636,21.231461813522895
2236,15.067809439935782,20.63634625450438
2237,15.715275989658895,19.0697303940996
2238,16.02537818955107,21.126444844946032
2239,17.51640065093649,20.922110495458828
2240,14.635522085874406,21.388052602738217
2241,15.625220482744993,21.199961862357164
2242,15.612214415245633,19.586013423691295
2243,15.263221288285818,21.239850076147892
2244,18.653913609248004,18.518565512938686
2245,18.589883528346444,18.550275060575157
2246,18.620453704144804,18.548167523837325
2247,18.60059135118488,18.54623802046612
2248,9.780299009304567,-0.045829402018507354
2249,9.803907774763521,-0.03636522204383928
2250,9.790420294844747,-0.040266255044159344
2251,9.81825175117704,-0.054820748927355306
2252,21.956153419486316,5.778261889152372
2253,9.820642399953886,-0.025427631033831007
2254,8.47426694406384,-1.1405304303996613
2255,8.74942853620456,-1.1364394650865532
2256,8.752533782455581,-1.1166057412428225
2257,8.751709703908777,-1.0924142097652878
2258,8.752206817796615,-1.114923369099172
2259,8.764472458376353,-1.1171267019502769
2260,8.808597852034344,-1.1014422629698157
2261,8.836280418160193,-1.1186876723944732
2262,8.817820865678911,-1.1074461997265652
2263,8.832766488986175,-1.1146453475243392
2264,8.80944441150846,-1.101535736179848
2265,8.814244440584662,-1.1174644154494904
2266,8.78431458728394,-1.110743839649772
2267,8.82886796274142,-1.1029965867783298
2268,8.817187298008239,-1.1006171592602763
2269,-0.8429835633497035,0.2520946727703285
2270,-0.8187915697890706,0.2708274758976603
2271,3.8502704898898727,-16.876778133540476
2272,-1.0111372954605518,0.1309964916043579
2273,14.861137438315573,17.65563458009111
2274,14.966231996963463,18.479113521921086
2275,14.661187040579332,18.909145986177478
2276,14.653592680463928,19.01881253990849
2277,17.588153486910404,15.923492935079668
2278,17.301730671870086,19.752407264594755
2279,17.39991148465569,19.923371567114508
2280,13.85986125202723,21.524151999638153
2281,16.846068539052705,21.60160112180093
2282,14.07398524624834,22.001453117639603
2283,14.851618231671516,21.715169982144484
2284,14.318359419664239,18.998397564830068
