"","p_val","avg_log2FC","pct.1","pct.2","p_val_adj"
"ETS1",3.77606123158982e-246,2.43198084054851,0.707,0.037,9.95407501259393e-242
"SYNE2",2.4312826700068e-199,2.55389729195384,0.608,0.037,6.40910424640491e-195
"TRBC2",2.20679508642381e-172,1.94748743707511,0.529,0.028,5.8173325273218e-168
"CD247",1.9550891861684e-139,1.5842875877253,0.381,0.009,5.15381060365851e-135
"PTPRCAP",3.7476098858572e-128,1.40671647775839,0.439,0.031,9.87907442010818e-124
"SLC38A1",4.07978140721629e-128,1.35230490640843,0.426,0.027,1.07547117675629e-123
"IL7R",1.48093634779955e-127,2.09451166781595,0.392,0.019,3.9038963064344e-123
"PRF1",4.65653367851931e-122,1.78759102899589,0.367,0.015,1.22750884299447e-117
"GNLY",7.58440307100371e-120,2.21189833581457,0.446,0.044,1.99932449354729e-115
"GZMA",1.71025097350853e-119,1.29409307377485,0.358,0.013,4.50839259126583e-115
"SPOCK2",1.52336691708742e-117,1.32253150148417,0.358,0.015,4.01574753013415e-113
"LCK",6.16176270750637e-111,1.10953381577178,0.306,0.006,1.62430226732575e-106
"CCL5",5.62475994405159e-107,1.81310209701232,0.414,0.042,1.48274296885144e-102
"TRAC",1.76386477151016e-102,1.21327808383729,0.288,0.007,4.64972392417793e-98
"TCF7",1.73704767516054e-101,1.34674693154573,0.302,0.011,4.5790313764907e-97
"FGFBP2",3.617238720175e-100,1.3556887901045,0.306,0.013,9.53540299025331e-96
"CD3D",3.32641580006369e-95,1.21835825217364,0.291,0.012,8.76876469054788e-91
"GZMB",2.52374599388921e-93,1.25664915841953,0.288,0.012,6.65284681449136e-89
"IL2RB",2.17085427460929e-91,1.19136282626722,0.286,0.013,5.72258895329756e-87
"NKG7",1.57985049426484e-90,1.14593176115574,0.286,0.013,4.16464388793153e-86
"RP11-94L15.2",1.68196822176012e-90,0.988431012688114,0.277,0.011,4.43383642938186e-86
"ABLIM1",1.7814633119706e-86,1.07384055150862,0.27,0.012,4.69611543668569e-82
"GZMH",1.30079147931825e-84,1.16437777485647,0.252,0.009,3.42901641863084e-80
"ZAP70",1.16259242135669e-83,0.973069516956411,0.268,0.013,3.06470988193838e-79
"GPR56",7.65404911380717e-81,0.881412746652353,0.236,0.007,2.01768388689071e-76
"LBH",6.92736699454555e-79,0.915172878868431,0.248,0.011,1.82612321343215e-74
"CD3E",2.88832287156984e-77,0.818082326067669,0.227,0.007,7.61390792174525e-73
"GOLGA8A",4.49020149846075e-77,1.08047403318748,0.351,0.045,1.18366201700924e-72
"CD2",9.0628038580482e-77,0.923899987394063,0.257,0.014,2.38904572502009e-72
"CD3G",1.5558435369445e-76,0.907329015874464,0.225,0.007,4.10135914773941e-72
"CD8A",2.16132465327946e-76,1.07402734222086,0.23,0.008,5.69746791850997e-72
"RORA",7.42139419517654e-76,0.841100693324963,0.243,0.012,1.95635372379049e-71
"CTSW",7.80464166709466e-75,0.814745261833265,0.223,0.008,2.05738158986282e-70
"BCL11B",9.87913629167053e-74,0.911706671835356,0.221,0.008,2.60423911784727e-69
"SPON2",4.44193024246238e-73,1.21999591561387,0.25,0.016,1.17093723121551e-68
"ARL4C",2.09882045625465e-72,1.29619581138406,0.568,0.166,5.53270060473287e-68
"KLRD1",4.02468748096661e-71,0.773552681237236,0.207,0.006,1.06094786685761e-66
"S1PR5",2.36390285651343e-70,0.603012957910391,0.182,0.001,6.23148432005507e-66
"SYNE1",4.5057421428296e-70,1.59813001452561,0.59,0.198,1.18775868627131e-65
"MATK",3.3628437326509e-69,0.79901062538984,0.205,0.006,8.86479236364104e-65
"NFATC2",5.5316747453925e-68,0.849234720761639,0.221,0.011,1.45820477963292e-63
"IL32",1.76552744617698e-67,0.743746219600056,0.189,0.004,4.65410690086713e-63
"SLFN5",1.79811088446508e-67,1.27868337962894,0.541,0.16,4.74000010253839e-63
"CD6",7.84197347906728e-67,0.739899152310231,0.207,0.008,2.06722262881693e-62
"CST7",6.59721946369656e-66,0.682798543665678,0.191,0.005,1.73909302282505e-61
"PRKCH",3.64452088546972e-64,0.907316463092932,0.273,0.03,9.60732150618672e-60
"MYBL1",4.77238656179022e-64,0.697154438027634,0.191,0.006,1.25804882155352e-59
"SAMD3",1.04128511558511e-61,0.654093797466191,0.18,0.005,2.7449316931939e-57
"LTB",1.06075880857322e-60,1.27864172429465,0.385,0.084,2.79626629527988e-56
"BCL2",9.26950784833175e-60,0.816723845243424,0.221,0.017,2.44353496389873e-55
"TGFBR3",4.10786238345648e-58,0.75006763726433,0.18,0.007,1.08287360290296e-53
"EVL",2.58521661139725e-57,1.03916110738504,0.457,0.126,6.81488950930429e-53
"PSAP",4.24233339064531e-57,-0.520944645627759,0.984,0.998,1.11832150510801e-52
"PCED1B-AS1",2.4618134041903e-56,0.782077168975165,0.25,0.029,6.48958631478605e-52
"HOPX",7.18401611437624e-55,0.789933975417565,0.173,0.008,1.89377848791072e-50
"KLRB1",2.30881376372314e-54,0.754578995482399,0.164,0.006,6.08626396255056e-50
"TBX21",8.6196617237314e-54,0.602127613315129,0.158,0.005,2.27222902699283e-49
"SKAP1",3.49255197134016e-53,0.565414613539863,0.151,0.003,9.2067162516498e-49
"IKZF3",8.58894048982918e-53,0.625572463661196,0.144,0.002,2.26413060252387e-48
"RASGRP1",9.42966058391629e-53,0.570047290182318,0.185,0.012,2.48575282652617e-48
"CCND2",1.22806939806964e-52,0.917235909203446,0.293,0.05,3.23731374025137e-48
"SPTBN1",1.65596552080602e-52,0.992971539174259,0.372,0.087,4.36529070939675e-48
"LEF1",2.49345609312396e-52,0.649044341883583,0.149,0.003,6.57299960708407e-48
"GOLGA8B",5.14063273294113e-51,0.75569863425298,0.275,0.044,1.35512219473061e-46
"FCRL3",5.1651935170117e-51,0.651877472780014,0.151,0.005,1.36159666301946e-46
"CTSS",8.38897921531095e-51,-0.537053835225618,0.977,0.998,2.21141881094812e-46
"FAIM3",8.47859131566868e-51,0.605461783428867,0.158,0.006,2.23504145672342e-46
"FCRL6",6.21787089366093e-49,0.523373992850433,0.137,0.003,1.63909294627796e-44
"CYFIP2",3.73748632576164e-47,0.888354525419444,0.439,0.135,9.85238770334027e-43
"CD96",3.9966783810554e-47,0.608585924220988,0.155,0.008,1.05356438803001e-42
"ITK",4.8807895963824e-47,0.574362816454526,0.151,0.007,1.28662494550236e-42
"SLAMF6",3.42766322261901e-46,0.564764985744581,0.153,0.008,9.03566302114597e-42
"PYHIN1",4.87214219562034e-46,0.456249151984357,0.133,0.003,1.28434540418748e-41
"CCR7",1.222329515152e-45,0.583050065158428,0.142,0.006,3.22218283489219e-41
"RUNX3",1.48160872719744e-45,0.9414449492842,0.428,0.134,3.90566876576518e-41
"LINC00861",4.19167411657131e-45,0.552915092463433,0.133,0.004,1.10496721386936e-40
"ATM",4.19502055505844e-45,1.06202962614961,0.601,0.266,1.10584936851896e-40
"GATA3",5.93363461749935e-45,0.48769673239288,0.133,0.004,1.564165421519e-40
"CD7",8.23989809431624e-45,0.445534214467993,0.135,0.005,2.1721195366427e-40
"ITGA6",1.91463724845485e-44,0.61706624542856,0.144,0.007,5.04717525065183e-40
"CARD11",2.25584287670779e-44,0.521154550336362,0.128,0.003,5.94662740728942e-40
"TRIB2",1.25457492803843e-43,0.467527438634633,0.142,0.007,3.3071849678021e-39
"OPTN",6.75539576310506e-42,0.603515007005692,0.169,0.016,1.78078987711213e-37
"KLRF1",3.24293328515907e-41,0.56492316851903,0.137,0.008,8.54869643300783e-37
"SH2D1A",2.88826820935568e-40,0.529654709870515,0.126,0.005,7.61376382668251e-36
"IL24",7.57669030688391e-40,0.421919764513354,0.117,0.003,1.99729133179767e-35
"CD5",6.21056259206709e-39,0.482689954614847,0.117,0.004,1.63716640489481e-34
"ATP8B2",9.41678612307489e-39,0.565329943508271,0.144,0.011,2.48235898990377e-34
"TMC8",7.97406944346715e-38,0.874453315063894,0.435,0.155,2.10204444599237e-33
"CD69",1.02536921736825e-37,0.515905247829125,0.162,0.017,2.70297579390444e-33
"PARP15",1.11112547963422e-37,0.43983319647542,0.131,0.008,2.92903787686376e-33
"STK17A",1.90343154349219e-37,0.64639871833433,0.245,0.05,5.01763589179975e-33
"PRKCQ",7.19730279743991e-37,0.378186947883306,0.104,0.002,1.89728099043313e-32
"LYZ",4.0271541112319e-36,-0.660419529467331,0.95,0.99,1.06159809526184e-31
"MACF1",2.04723221977122e-35,0.916626887550433,0.784,0.53,5.39670885453891e-31
"TRGC2",2.66419965981053e-35,0.563272588825226,0.113,0.005,7.02309672322655e-31
"PIK3IP1",4.40300637755823e-35,0.841516950264581,0.34,0.107,1.16067651118812e-30
"FTL",6.04499968625716e-35,-0.502230718299487,0.964,0.989,1.59352236729425e-30
"ACAP1",1.24611472030619e-33,0.727453090806552,0.32,0.096,3.28488301419914e-29
"EOMES",2.20558049077418e-33,0.382778481239016,0.108,0.005,5.81413073172983e-29
"SLFN12L",2.45495343396567e-33,0.425375098337781,0.133,0.012,6.47150274727689e-29
"PTPN4",4.97141698552519e-33,0.504003803216171,0.173,0.026,1.3105152315543e-28
"CAMK4",9.94342844963912e-33,0.437652419550266,0.108,0.006,2.62118717360937e-28
"TC2N",1.04808782081202e-32,0.438784775115022,0.117,0.008,2.76286430444257e-28
"ZNF507",1.06180958394954e-32,0.431196920528497,0.108,0.006,2.79903624424938e-28
"SYTL2",1.37063489717084e-32,0.463119373394958,0.113,0.007,3.61313065243206e-28
"FCGR3A",2.72424144133669e-32,0.69679257739134,0.408,0.149,7.18137286350766e-28
"IL2RG",3.18637014214392e-32,0.661458090440342,0.284,0.078,8.3995903317056e-28
"RPL3",1.81771701195218e-31,0.531358624789306,0.968,0.912,4.79168381520713e-27
"F2R",4.26768518621277e-31,0.442468091055624,0.117,0.009,1.12500449193755e-26
"CLEC2D",2.74555920672803e-30,0.494418433385742,0.225,0.052,7.23756862485576e-26
"TYROBP",3.33232146412777e-30,-0.572117481706258,0.86,0.943,8.78433261158722e-26
"RPS3",6.26376066825229e-30,0.588276429787953,0.941,0.868,1.65118994975799e-25
"CEP78",1.24141663259605e-29,0.616123613828912,0.185,0.035,3.27249838518644e-25
"TRABD2A",6.90986807956479e-29,0.555210257240665,0.108,0.009,1.82151032445407e-24
"FCN1",9.0896761133824e-29,-0.50432223549631,0.941,0.973,2.39612952024873e-24
"ISG20",9.71172891585999e-29,0.565326300462214,0.221,0.053,2.56010885950985e-24
"TNIK",1.03755363406225e-28,0.448528717886047,0.108,0.009,2.73509513475151e-24
"CDC25B",1.10921356100988e-27,0.517561653162939,0.189,0.04,2.92399786817814e-23
"VCAN",2.41189240109845e-27,-0.654579042540173,0.901,0.959,6.35798955853562e-23
"HIVEP2",3.97666898330199e-27,0.650890741511708,0.216,0.054,1.04828971068824e-22
"APLP2",8.43416446843147e-26,-0.567724484100877,0.838,0.926,2.22333009552322e-21
"DENND2D",1.71941401128483e-25,0.593595799443968,0.218,0.059,4.53254727514793e-21
"S100A8",1.55601808464862e-24,-0.754046070736713,0.874,0.938,4.10181927294222e-20
"SPTAN1",1.57715173356056e-24,0.717835861704604,0.369,0.154,4.15752968483898e-20
"MALAT1",1.86140315292262e-24,0.410373052569355,1,0.999,4.90684485141931e-20
"PRKACB",3.40592456804179e-24,0.606747256473999,0.241,0.074,8.97835775381497e-20
"SLAMF7",4.86152051769133e-24,0.523946837203601,0.241,0.072,1.28154542366861e-19
"MS4A1",6.77255249123381e-24,0.826602718498523,0.11,0.014,1.78531256221414e-19
"MPEG1",8.35278016050595e-24,-0.653821959681548,0.714,0.832,2.20187637811097e-19
"RP11-284N8.3",1.19594587988987e-22,0.427374340699845,0.122,0.019,3.15263293397768e-18
"PIK3R1",1.75220475985703e-22,0.696749015655738,0.505,0.266,4.61898696745912e-18
"TFDP2",2.08979142204811e-22,0.563595842806909,0.131,0.023,5.50889916766102e-18
"AIF1",2.32050946914771e-22,-0.571638429908661,0.77,0.854,6.11709501162028e-18
"GBP5",2.97286909759749e-22,0.665800143139073,0.302,0.114,7.83678022817675e-18
"TNRC6C",7.17478590291243e-22,0.405767823406499,0.151,0.032,1.89134531186675e-17
"TSEN54",8.83148132200689e-22,0.388612879464003,0.113,0.017,2.32806679129424e-17
"ORMDL3",1.01146276976805e-21,0.450498634495815,0.167,0.04,2.66631700738555e-17
"OFD1",1.02478854872177e-21,0.452465062229158,0.212,0.063,2.70144509328546e-17
"ITGB7",1.02485684913867e-21,0.515890921133674,0.243,0.081,2.70162514001445e-17
"S100A9",1.16651701508804e-21,-0.690878284487804,0.921,0.976,3.07505550347359e-17
"PPP1R16B",2.11944769031824e-21,0.339589204111376,0.115,0.018,5.58707605644792e-17
"PBXIP1",2.28892328644553e-21,0.628043683578762,0.336,0.141,6.03383067539906e-17
"CYBB",2.79464549022684e-21,-0.497617019089042,0.858,0.931,7.36696497678697e-17
"TRAF5",2.8053271489533e-21,0.310614216675952,0.108,0.016,7.39512289735579e-17
"KLF12",3.16295302007368e-21,0.368173267769195,0.167,0.04,8.33786045621623e-17
"PRR5L",3.20157791613119e-21,0.363571939111471,0.11,0.017,8.43967954471344e-17
"CST3",3.2352528154802e-21,-0.555142657350325,0.806,0.866,8.52844994688735e-17
"LLGL2",4.61863147413912e-21,0.311224073658654,0.104,0.014,1.21751744289781e-16
"LDLRAP1",4.845991719454e-21,0.485572406392726,0.176,0.045,1.27745187716527e-16
"MNDA",1.03355155308226e-20,-0.586263544441824,0.779,0.871,2.72454524908015e-16
"TKT",1.03438309647929e-20,-0.494399456857813,0.815,0.905,2.72673728062907e-16
"RPS5",1.93535474843538e-20,0.566846955302045,0.84,0.697,5.1017886523505e-16
"SEL1L3",2.45042131826464e-20,0.452888412873936,0.11,0.018,6.45955563707741e-16
"RASA3",3.22564138048232e-20,0.499098155365026,0.36,0.161,8.50311324308944e-16
"C12orf57",3.28783667361748e-20,0.486343401528445,0.155,0.038,8.66706625532305e-16
"VIM",4.78734023808198e-20,-0.477130124214676,0.892,0.951,1.26199076016079e-15
"CTSB",7.36233358066245e-20,-0.566575524016726,0.77,0.86,1.94078475519843e-15
"MLLT6",7.55150552045865e-20,0.528914144881372,0.365,0.165,1.99065237024811e-15
"OXNAD1",8.53285890659263e-20,0.387301540511568,0.122,0.023,2.24934693636688e-15
"CHD3",2.09214181813507e-19,0.610849941560115,0.547,0.317,5.51509504678585e-15
"ADD3",2.1895352470842e-19,0.591975903061344,0.622,0.398,5.77183386483867e-15
"FOS",2.22641091251705e-19,-0.40331995127372,0.971,0.987,5.86904180648619e-15
"JAK1",2.66981526923552e-19,0.606269436634968,0.775,0.586,7.03790003123177e-15
"TTN",2.86242385851505e-19,0.685546206688714,0.158,0.041,7.54563553343154e-15
"ARID5B",4.20214877933118e-19,0.45054153089923,0.149,0.036,1.10772843971949e-14
"RPSAP58",4.89812318847019e-19,0.570094678189553,0.736,0.541,1.29119425371263e-14
"CDC42SE2",6.11437679521611e-19,0.562009119055281,0.511,0.288,1.61181086698692e-14
"PRDM1",7.95201235711407e-19,0.436710375665113,0.131,0.028,2.09622997745884e-14
"GPRIN3",8.65592077779917e-19,0.577126713323745,0.187,0.057,2.28178727623564e-14
"TSPO",2.06323787336521e-18,-0.616409885524757,0.642,0.768,5.43890135797803e-14
"OAZ1",3.51788867869007e-18,-0.413373820565511,0.894,0.948,9.27350634589488e-14
"NCF2",3.74437931582726e-18,-0.494739010772522,0.779,0.868,9.87055831445223e-14
"CALM1",4.22859814503298e-18,0.594231410712663,0.793,0.642,1.11470075701214e-13
"BTN3A2",5.098020907958e-18,0.614890638547697,0.477,0.266,1.34388929154681e-13
"JADE2",5.52321767135037e-18,0.476084827879092,0.236,0.087,1.45597541034467e-13
"CNOT6L",5.61995386473927e-18,0.582728245825805,0.412,0.217,1.48147603828392e-13
"GRN",6.98852733955697e-18,-0.508464522016645,0.779,0.868,1.84224569198061e-13
"PIP4K2A",2.73444617234279e-17,0.564411409919195,0.538,0.328,7.20827355491283e-13
"BIN1",3.07128072786555e-17,0.388501005364248,0.173,0.052,8.09620312672637e-13
"ZNF91",8.48282406822086e-17,0.511161294494032,0.23,0.087,2.2361572526237e-12
"SEPT6",8.79947264072203e-17,0.540521498146169,0.385,0.195,2.31962898282074e-12
"DGKA",1.06841673888561e-16,0.551165577299982,0.259,0.107,2.81645336537637e-12
"TBC1D10C",1.12913753924548e-16,0.565411587968015,0.32,0.149,2.976519467205e-12
"RBL2",1.23834277851989e-16,0.615394678054785,0.509,0.31,3.26439539845627e-12
"TSPYL2",1.26678453730948e-16,0.429345994145913,0.142,0.038,3.33937071880151e-12
"BANK1",1.34102065127192e-16,0.504709269346754,0.106,0.021,3.53506453881792e-12
"PLAC8",1.94302827162902e-16,0.554895058714036,0.383,0.199,5.12201682684126e-12
"ST6GAL1",3.4738262981739e-16,0.414071094805185,0.241,0.096,9.15735350461621e-12
"BTN3A1",4.1523320199412e-16,0.48577322778439,0.419,0.222,1.0945962437767e-11
"SFI1",4.37874150474456e-16,0.354390327667965,0.153,0.044,1.15428004806571e-11
"CCDC88C",4.85353276564541e-16,0.463041074301922,0.457,0.252,1.27943977235179e-11
"VPS13A",9.18556307778119e-16,0.349061579662835,0.155,0.046,2.4214062829339e-11
"PKM",1.04432919685141e-15,-0.536442970528995,0.676,0.766,2.75295619582001e-11
"EPB41",1.62575167829757e-15,0.48176630294773,0.464,0.267,4.28564399916022e-11
"RPL13A",1.7891426014545e-15,0.392465290407149,0.937,0.902,4.7163588116942e-11
"TSTD1",1.99583420408421e-15,0.349479558449928,0.113,0.026,5.26121854538639e-11
"CDK17",2.43322966573453e-15,0.341229728862794,0.128,0.034,6.41423672184279e-11
"RAB7L1",2.7230294912494e-15,0.480017491036247,0.282,0.127,7.17817804188255e-11
"DYRK2",2.89182101659398e-15,0.416617173398798,0.234,0.094,7.6231293818434e-11
"ARAP2",4.57035238518752e-15,0.510784836346151,0.324,0.157,1.20479059225928e-10
"FCGR3B",5.48921175295675e-15,0.452286830152814,0.203,0.074,1.44701111019693e-10
"RPS27A",5.7409232435743e-15,0.445604369971554,0.836,0.696,1.51336477623862e-10
"CD14",8.32425660695586e-15,-0.546865968385897,0.682,0.813,2.19435728415963e-10
"COTL1",9.36214866745457e-15,-0.41302079956068,0.82,0.894,2.4679560102277e-10
"GIMAP5",1.04805088879289e-14,0.47239856373641,0.198,0.075,2.76276694794695e-10
"RASAL3",1.14364959448182e-14,0.418879818360425,0.255,0.111,3.01477469601353e-10
"LITAF",1.18232907822453e-14,0.489220838648349,0.491,0.294,3.11673768310769e-10
"ZBTB38",1.33033163066075e-14,0.407067261812369,0.25,0.106,3.5068872115848e-10
"ATP2A3",1.43894887248888e-14,0.306837855672508,0.16,0.051,3.79321312276793e-10
"TNFAIP2",1.53256584363731e-14,-0.501471207782946,0.707,0.784,4.03999682041231e-10
"SPATA13",1.66605489159317e-14,0.499868666885819,0.284,0.132,4.39188729972876e-10
"RPS19",1.70197359672809e-14,0.413914164287417,0.903,0.795,4.48657259833493e-10
"GNPTAB",2.04308300219825e-14,0.582784727372606,0.401,0.227,5.3857711020948e-10
"SP140",2.1361319069753e-14,0.379986381201472,0.167,0.057,5.63105731997758e-10
"RPS18",2.60196917645701e-14,0.389989454389455,0.919,0.834,6.85905094605832e-10
"SRGN",2.80793901931196e-14,-0.4317525428428,0.838,0.894,7.40200804880825e-10
"ZMYND11",2.85942864406658e-14,0.353382625732557,0.209,0.081,7.53773984862392e-10
"DDX17",3.56512833292935e-14,0.446646814620815,0.793,0.631,9.39803479843506e-10
"ZC3HAV1",3.71902198294506e-14,0.484360940322615,0.446,0.256,9.80371384924148e-10
"CYLD",4.23428545368821e-14,0.458758340039705,0.534,0.329,1.11619998844675e-09
"SYNRG",4.33447397015798e-14,0.460087667154502,0.331,0.167,1.14261068327334e-09
"RPS6",5.73281907902431e-14,0.31002374504119,0.971,0.954,1.5112284374216e-09
"P2RY8",6.03302288911571e-14,0.427299446221454,0.349,0.181,1.59036516379979e-09
"SACS",6.08261212822558e-14,0.281607315625114,0.122,0.033,1.60343738312155e-09
"PLEKHA1",6.17632700913392e-14,0.290112713054832,0.122,0.033,1.62814156287779e-09
"MS4A6A",6.36132916825732e-14,-0.560112899605386,0.619,0.72,1.67690998204431e-09
"RPSA",6.37809940910124e-14,0.530968204588837,0.619,0.455,1.68133078523318e-09
"TGFBI",6.48195768960065e-14,-0.519365892503872,0.592,0.716,1.70870886655563e-09
"TRANK1",7.17781920160092e-14,0.452338632647994,0.284,0.135,1.89214491973402e-09
"ATHL1",9.26800185135881e-14,0.480506855338883,0.221,0.092,2.44313796803669e-09
"FCGRT",1.04033974846374e-13,-0.481825815942364,0.568,0.71,2.74243961092528e-09
"PDE7A",1.22385851499281e-13,0.37556336773892,0.214,0.088,3.22621343137254e-09
"PSIP1",1.32778925596125e-13,0.49130546792704,0.32,0.165,3.50018525763946e-09
"MTMR1",1.38904165415047e-13,0.277470690899778,0.149,0.048,3.66165270450606e-09
"GCC2",1.42072628925166e-13,0.442151108398107,0.351,0.184,3.74517657109630e-09
"MGAT4A",1.66001863926348e-13,0.358432680851111,0.198,0.078,4.37597513496246e-09
"CHST2",1.94122709360971e-13,0.316637391517349,0.126,0.037,5.11726874146457e-09
"SLC9A3R1",2.08855180003983e-13,0.447408149654411,0.36,0.193,5.50563140008499e-09
"MPRIP",2.2861690743588e-13,0.476080727755347,0.331,0.169,6.02657029691724e-09
"SEPT7",2.51767773155169e-13,0.48609282369998,0.55,0.365,6.63685026814342e-09
"MGEA5",3.11966709032048e-13,0.455160045195774,0.545,0.339,8.22375441679381e-09
"TXNIP",4.33316744578978e-13,0.316161565810068,0.964,0.941,1.14226627038464e-08
"RPS12",5.65575310896702e-13,0.379092956507517,0.941,0.855,1.4909130770548e-08
"RNF125",5.73331288231325e-13,0.336964706477666,0.232,0.1,1.5113586089066e-08
"ANKRD36",6.40497071568032e-13,0.425949001516752,0.185,0.071,1.68841433036049e-08
"LAPTM5",9.76586315152012e-13,-0.355704029337919,0.894,0.935,2.57437918537222e-08
"TMEM181",1.13122486072232e-12,0.370356203778715,0.155,0.055,2.9820218553501e-08
"CYTH1",1.31044937306775e-12,0.474730673857076,0.597,0.424,3.45447559234389e-08
"DOCK10",1.33027445303355e-12,0.498408596565412,0.313,0.166,3.50673648564173e-08
"DDX6",1.50901184628298e-12,0.435973611995042,0.417,0.25,3.97790612798657e-08
"RARRES3",1.5174835807329e-12,0.357860809546865,0.288,0.141,4.00023846717e-08
"KIF21B",1.59381263051301e-12,0.283944588124754,0.122,0.036,4.20144947529535e-08
"LDHB",1.62266138439631e-12,0.507384431222671,0.446,0.277,4.27749767540712e-08
"RASA2",1.69098688235798e-12,0.369331801436584,0.216,0.094,4.45761052058388e-08
"TTC38",1.76476078762537e-12,0.306487471176001,0.146,0.05,4.65208591225924e-08
"CBLB",1.98033836969191e-12,0.295786781149705,0.117,0.034,5.22036997634485e-08
"RPS4X",2.3068849617069e-12,0.314211904545024,0.944,0.907,6.08117944755556e-08
"RPS27",2.69971069286174e-12,0.467133052369,0.685,0.536,7.11670735745283e-08
"AP1S2",3.20007929931661e-12,-0.557161544192358,0.583,0.673,8.43572904092852e-08
"AMICA1",3.21380552666882e-12,-0.465053376772276,0.716,0.792,8.47191274885169e-08
"SYTL1",4.63199255232559e-12,0.428772411999164,0.23,0.106,1.22103955671855e-07
"TTC3",4.64838725501842e-12,0.478959657099866,0.507,0.329,1.22536136429541e-07
"BIRC3",4.67434131711398e-12,0.331712933109414,0.243,0.112,1.23220311460442e-07
"ESYT1",5.27505552196133e-12,0.403069363273288,0.291,0.147,1.39055738614423e-07
"TAF7",5.59136767152369e-12,0.39656086961385,0.376,0.209,1.47394043189036e-07
"ZBTB37",6.11895723887183e-12,0.379565769031371,0.14,0.048,1.613018317739e-07
"KMT2A",6.56598549639102e-12,0.484804980059814,0.486,0.31,1.73085943670364e-07
"CASP8",7.01823603068418e-12,0.439304397449644,0.387,0.227,1.85007720004866e-07
"SPN",7.84820704061508e-12,0.531929857802569,0.55,0.373,2.06886585797654e-07
"LNPEP",7.99662031660846e-12,0.397239791789033,0.471,0.297,2.10798908166116e-07
"HBB",8.35357905212743e-12,2.31587150778798,0.106,0.031,2.20208697393131e-07
"PPM1K",8.45248973891162e-12,0.395106283152473,0.146,0.052,2.22816082007449e-07
"GLTSCR2",8.82880775712574e-12,0.428585633324,0.77,0.646,2.32736201285592e-07
"GNAI2",8.89017544180939e-12,-0.377742980553682,0.791,0.861,2.34353914821537e-07
"PABPC1",1.21320837966697e-11,-0.250703682407012,0.982,0.99,3.19813860964009e-07
"HLA-DRB1",1.2584938301372e-11,-0.462615946779433,0.849,0.916,3.31751558562468e-07
"TMC6",1.35218102576322e-11,0.442114803990927,0.293,0.154,3.56448440201443e-07
"ITPKB",1.58216983710536e-11,0.313795958158801,0.241,0.113,4.17075790759343e-07
"FYN",1.97165821296263e-11,0.440749488085765,0.518,0.347,5.19748821519079e-07
"NIPAL3",2.02833654937613e-11,0.325190524943219,0.117,0.037,5.34689797781041e-07
"MAP4K1",2.29738616810109e-11,0.341667857062884,0.182,0.076,6.05613967773128e-07
"RPL18",2.38234349674707e-11,0.298363133167827,0.948,0.913,6.28009569177496e-07
"RPLP2",2.763123484775e-11,0.362970584311209,0.894,0.827,7.28386981821539e-07
"PTPN7",2.96972056049703e-11,0.44247357193936,0.117,0.038,7.82848036952623e-07
"DROSHA",3.13526695459646e-11,0.278947955278044,0.151,0.056,8.26487721901172e-07
"NAP1L4",3.1763304708427e-11,0.353817724386161,0.318,0.17,8.37312475418843e-07
"VCPIP1",3.61772169452525e-11,0.4273744453692,0.318,0.171,9.53667615893801e-07
"GPX1",4.28405330131739e-11,-0.455819056431996,0.698,0.776,1.12931929076028e-06
"SNHG1",5.26687476211696e-11,0.394041264266787,0.212,0.097,1.38840085604165e-06
"ACTB",5.48674698509285e-11,-0.304737969373218,0.946,0.968,1.44636137274033e-06
"ZCCHC11",5.52159774172212e-11,0.340098626991737,0.216,0.099,1.45554838069537e-06
"RPS29",5.63737727692708e-11,0.425841530484114,0.734,0.597,1.48606902397075e-06
"SLC44A2",5.66690223274408e-11,0.383626133734932,0.345,0.193,1.49385209757367e-06
"RNF213",5.86703310471169e-11,0.358874516027968,0.849,0.735,1.54660859673305e-06
"ARHGAP25",6.10810249883152e-11,0.39658753206873,0.363,0.214,1.61015689971698e-06
"ARHGEF3",6.65035369032304e-11,0.458035122571212,0.273,0.142,1.75309973630606e-06
"AXIN1",8.55548251586006e-11,0.296937971438608,0.189,0.081,2.25531074600587e-06
"HERC1",1.02498533681401e-10,0.500859530025224,0.426,0.27,2.70196384637542e-06
"CERK",1.21262930591969e-10,0.325486168169622,0.302,0.161,3.19661211333491e-06
"PPP2R5C",1.22171261249352e-10,0.407902551989269,0.489,0.325,3.22055661779417e-06
"AMZ2",1.56234232310902e-10,0.357859915512844,0.203,0.092,4.1184905979477e-06
"CCSER2",1.89661419066075e-10,0.435671782753789,0.198,0.091,4.9996646680008e-06
"PIM1",2.65025550696724e-10,0.399220429431782,0.243,0.122,6.98633854191633e-06
"USP28",2.96391546839783e-10,0.311208952703579,0.137,0.052,7.81317756624351e-06
"CUTA",3.2423630354493e-10,0.388482005824126,0.342,0.201,8.54719319774789e-06
"TBC1D4",3.81542419763937e-10,0.373408987349412,0.146,0.059,1.00578397273971e-05
"CD74",3.89913294789598e-10,-0.33434535800202,0.946,0.962,1.02785043639486e-05
"ARPC5L",4.01515041887372e-10,0.368916612205321,0.2,0.094,1.0584338019193e-05
"DIP2A",4.30521140838957e-10,0.496591826539209,0.284,0.156,1.13489677936557e-05
"ATP8A1",4.69042100543598e-10,0.305645916909087,0.142,0.055,1.23644188124298e-05
"S100A6",5.0322835467341e-10,-0.389945998067135,0.775,0.826,1.32656026575458e-05
"HMOX2",5.32887224606097e-10,0.372818208957411,0.178,0.079,1.40474401278413e-05
"DUSP2",5.36161212443093e-10,0.365309260431357,0.241,0.122,1.41337457212124e-05
"CXCR4",5.83047641092967e-10,0.379811951484859,0.396,0.243,1.53697188668517e-05
"BTN3A3",5.85770183071335e-10,0.388706996233249,0.288,0.158,1.54414877959435e-05
"SAMHD1",6.31205812806664e-10,-0.351932245776447,0.869,0.893,1.66392164313965e-05
"FGL2",6.75339099785122e-10,-0.342071089792225,0.856,0.878,1.78026140094356e-05
"CX3CR1",6.88312687048255e-10,0.384821669188583,0.342,0.2,1.81446107432791e-05
"IKZF1",8.28106504414656e-10,0.434012062801332,0.547,0.398,2.18297155628747e-05
"BUB3",8.50441208052225e-10,0.335766035862347,0.284,0.156,2.24184806854647e-05
"APOBEC3G",9.6519384085579e-10,0.415211499918306,0.266,0.144,2.54434748387995e-05
"PTPRC",9.75038210455108e-10,0.25685035295878,0.968,0.924,2.57029822658071e-05
"MT-ND1",9.79398995961688e-10,-0.266220314474237,0.964,0.967,2.58179369325461e-05
"C5orf56",1.18652321292488e-09,0.261247883766265,0.117,0.042,3.12779384159126e-05
"C10orf54",1.27575711135819e-09,-0.38204012905044,0.705,0.76,3.36302332125133e-05
"PAPD5",1.3861094857343e-09,0.274209039940787,0.221,0.11,3.6539232153442e-05
"DMXL2",1.52513040095143e-09,-0.545632139047538,0.5,0.588,4.02039624994805e-05
"SATB1",1.5486966233127e-09,0.366086486911971,0.336,0.201,4.08251916871462e-05
"RINL",1.62957922486771e-09,0.252377993663561,0.113,0.039,4.29573379467377e-05
"RASSF2",1.64003791303961e-09,-0.430571245778198,0.633,0.712,4.32330394256373e-05
"PSD4",1.8721617517661e-09,0.338233222096419,0.306,0.173,4.93520559383061e-05
"RP11-427H3.3",1.93452214896585e-09,0.374972478805416,0.216,0.107,5.09959383688886e-05
"KIAA1551",2.09974940496109e-09,0.412462889638973,0.595,0.435,5.53514940641792e-05
"APMAP",2.15423316193443e-09,0.288895947084653,0.293,0.162,5.67877403817535e-05
"SNTB2",2.27913822031137e-09,0.342648383285436,0.122,0.046,6.0080362625628e-05
"TMEM63A",2.37122092753461e-09,0.282474566767151,0.14,0.056,6.25077548707398e-05
"CPVL",2.69734410326257e-09,-0.465889241312824,0.604,0.675,7.11046879061047e-05
"ANXA2",2.99470103037281e-09,-0.447302149049025,0.655,0.73,7.89433138616578e-05
"RPS14",3.06830117146451e-09,0.280383588549375,0.959,0.938,8.0883487180976e-05
"IFFO2",3.34760301986904e-09,0.290119479672558,0.131,0.051,8.82461632067678e-05
"ZNF101",3.569869838284e-09,0.253049345834416,0.119,0.045,9.41053388070045e-05
"IL17RA",3.64190875223391e-09,-0.484791727317187,0.577,0.662,9.60043566176382e-05
"CFP",3.91591576040468e-09,-0.442490790231079,0.635,0.71,0.000103227455360028
"MRFAP1L1",4.03670135406244e-09,0.302155197533264,0.191,0.092,0.00010641148439444
"PDE3B",4.20518999583485e-09,0.353631215690782,0.171,0.078,0.000110853013480202
"PAG1",4.74643772516147e-09,0.411727971793902,0.311,0.179,0.000125120844872982
"PGD",5.01860723004733e-09,-0.55446416978821,0.439,0.532,0.000132295505191278
"OGFRL1",5.32041001867546e-09,-0.486642351152077,0.572,0.647,0.000140251328502304
"ANXA6",5.42137406518155e-09,0.37568069659273,0.462,0.305,0.000142912841732251
"FAM107B",5.75837375008841e-09,0.448825897191027,0.365,0.232,0.000151796490426081
"CCDC88A",5.80549771794746e-09,-0.537120076110532,0.468,0.571,0.000153038725342813
"G3BP1",6.07652580602233e-09,0.364215966994042,0.32,0.19,0.000160183296772555
"KCTD12",6.26040221386119e-09,-0.419878546424977,0.619,0.694,0.000165030462759595
"CLSTN1",6.33863326251506e-09,0.344008169556464,0.288,0.165,0.00016709271143316
"ZBTB4",6.56533587313972e-09,0.251791506975157,0.191,0.092,0.000173068818951836
"ANKRD36C",7.11803517888856e-09,0.340108227181565,0.131,0.053,0.000187638525350681
"GIMAP7",7.18700166289721e-09,0.342836107384684,0.423,0.269,0.000189456550835633
"TALDO1",8.04931507731208e-09,-0.446550041934631,0.568,0.657,0.000212187994753024
"ANKZF1",8.69863265185763e-09,0.29717354372959,0.18,0.086,0.000229304655335619
"SAT1",8.72874845285261e-09,-0.386051273319328,0.786,0.85,0.000230098537965648
"CEBPD",8.76683116501328e-09,-0.485782254937857,0.588,0.663,0.000231102436340915
"RP11-349A22.5",9.19641718004852e-09,0.288675419440829,0.34,0.205,0.000242426753283259
"IPCEF1",9.51895159184345e-09,0.264245388352727,0.203,0.1,0.000250929082912585
"XBP1",1.06971611438736e-08,0.26962890951811,0.376,0.232,0.000281987864913652
"SYK",1.11159086981818e-08,-0.418555631458419,0.622,0.702,0.00029302646919277
"RPS20",1.16537275837091e-08,0.33903347321608,0.833,0.764,0.000307203912834157
"RPL13",1.16765860276304e-08,0.272409505150389,0.935,0.911,0.000307806484274365
"MST4",1.18204884776454e-08,0.324744824208071,0.185,0.089,0.00031159989675921
"KAT2B",1.32019681665323e-08,0.299323274270363,0.243,0.131,0.000348017082837958
"EMILIN2",1.32977755390899e-08,-0.411786566911815,0.568,0.662,0.000350542660985948
"USP36",1.33253333839639e-08,0.268121869133472,0.207,0.103,0.000351269113334671
"RASGRP2",1.35837647322647e-08,0.320721503938758,0.3,0.174,0.000358081622107231
"LRRK2",1.42470249277044e-08,-0.525408642088334,0.475,0.589,0.000375565824119216
"CLEC7A",1.47164212224858e-08,-0.502268296331493,0.396,0.512,0.000387939579845948
"RPS21",1.47477530009913e-08,0.370702954218662,0.802,0.702,0.000388765516859133
"ATP2B4",1.63954856530874e-08,0.406998516994672,0.336,0.209,0.000432201397301036
"GNG2",1.67612318301201e-08,0.333866739799783,0.266,0.151,0.000441842832273796
"TNFAIP8",1.68719403488071e-08,0.284830909633504,0.306,0.18,0.000444761219534904
"DIMT1",1.72029899987451e-08,0.340425251388939,0.173,0.082,0.000453488019356919
"PRRC2B",1.76455541187473e-08,0.375970170048865,0.495,0.348,0.000465154452124297
"LST1",2.07082450338693e-08,-0.378619952771216,0.649,0.718,0.000545890047337828
"MARCH6",2.08114996011233e-08,0.372895921683237,0.345,0.215,0.000548611940985211
"LPIN1",2.39596039758408e-08,0.304135085750822,0.162,0.075,0.000631599120407139
"ARRB2",2.43040126851216e-08,-0.403127873136901,0.604,0.679,0.000640678078392489
"ZBTB44",2.43884738081721e-08,0.250717027404267,0.324,0.194,0.000642904558057224
"GAS5",2.5120369969566e-08,0.332024283233519,0.448,0.298,0.000662198072767728
"NUP210",2.84172915877184e-08,0.335361792783254,0.241,0.134,0.000749108223543844
"HERC2",3.81681055218751e-08,0.268055362139039,0.232,0.122,0.00100614942966215
"HLA-DRA",3.87220340273072e-08,-0.404822231250196,0.887,0.9,0.00102075153899384
"DYNLL2",4.01129292686372e-08,0.301818417099511,0.365,0.228,0.00105741692845054
"LPCAT1",4.18487391591568e-08,0.406787381729616,0.27,0.158,0.00110317461297453
"RAB31",4.20091412932593e-08,-0.464422534239054,0.529,0.619,0.00110740297363161
"UHRF2",4.25050397378777e-08,0.298942834942312,0.167,0.079,0.0011204753525302
"RGS2",4.55595560839895e-08,-0.466697505513962,0.77,0.817,0.00120099545793005
"ESYT2",4.77113401538843e-08,0.347407548404879,0.324,0.198,0.00125771863779654
"GSTP1",5.06584250192915e-08,-0.410228333892321,0.714,0.76,0.00133540674193354
"FAM65B",5.25729596640884e-08,0.276404651722608,0.658,0.504,0.00138587578970504
"HIST1H1D",5.39406221579276e-08,0.297531991969722,0.212,0.111,0.00142192874070513
"FAM53B",5.52438578973328e-08,0.322250450679612,0.279,0.165,0.00145628333803159
"RXRA",6.50391701501091e-08,-0.469180501029387,0.444,0.531,0.00171449756432703
"CD81",6.84895371211102e-08,0.343157258279439,0.261,0.152,0.00180545268804958
"NCAM1",6.86955257078842e-08,0.30737486758179,0.115,0.046,0.00181088275318554
"ARPC1B",7.25088122079319e-08,-0.31019104474262,0.773,0.84,0.00191140479861329
"ANXA5",7.8637287848033e-08,-0.36871648668716,0.595,0.644,0.002072957544962
"SNRK",8.06310368876069e-08,0.39181649123606,0.284,0.173,0.0021255147633942
"MDN1",8.36180749794548e-08,0.297463162883881,0.209,0.111,0.00220425607453341
"SULF2",8.65051569936742e-08,-0.397809146315958,0.532,0.634,0.00228036244351025
"UHMK1",8.65715234270198e-08,0.353576168374311,0.41,0.272,0.00228211192905967
"RPL36",8.70174920184713e-08,0.279166603089401,0.471,0.326,0.00229386810709892
"KIAA1109",9.25900403044877e-08,0.409275726932346,0.45,0.318,0.0024407660524666
"CHD2",9.28048131907233e-08,0.304970460253156,0.523,0.37,0.00244642768052066
"FCER1G",9.66908767397127e-08,-0.434413418464933,0.532,0.608,0.00254886820173557
"NCOA4",1.00685399865971e-07,-0.403793470016014,0.664,0.712,0.00265416782586686
"SRPK1",1.02964307560409e-07,0.262130454145035,0.131,0.057,0.00271424211159993
"MEGF9",1.04455487550428e-07,-0.395099551320591,0.604,0.677,0.00275355110731683
"CTSH",1.08919899561278e-07,-0.435676852161704,0.495,0.579,0.00287123747233486
"ARHGEF1",1.10434734838202e-07,0.290435015484616,0.414,0.274,0.00291117004506984
"S100A4",1.18463854599514e-07,-0.313266869565006,0.727,0.799,0.00312282567109778
"ARHGAP15",1.25386022004239e-07,0.325182615930109,0.198,0.107,0.00330530092605375
"DDX5",1.2697300619888e-07,0.276537147748761,0.914,0.878,0.00334713541640868
"WDR60",1.41063034560045e-07,0.269510978335441,0.101,0.039,0.00371856265403735
"MGA",1.44547992469765e-07,0.292374365412272,0.205,0.11,0.00381042962949547
"ELK4",1.45634202538757e-07,0.308760088411849,0.279,0.166,0.00383906321312419
"JAK3",1.48396993441637e-07,0.274926064440562,0.221,0.12,0.00391189314411499
"USP47",1.49799671424102e-07,0.306304664285797,0.309,0.19,0.00394886913841074
"SLC7A7",1.52023004403062e-07,-0.448024447026609,0.511,0.585,0.00400747841906913
"NPC2",1.52455275664561e-07,-0.464375357164508,0.417,0.513,0.00401887352179349
"LILRB2",1.59369599667006e-07,-0.438539497443232,0.574,0.634,0.00420114201682195
"CLK1",1.64319023390835e-07,0.325737683861169,0.455,0.314,0.00433161377560579
"PARP8",1.80507245427691e-07,0.336719389441081,0.432,0.3,0.00475835149671935
"CDK5RAP2",1.80860667966323e-07,0.257718852878354,0.207,0.11,0.00476766806826024
"CCNL2",1.85462563521988e-07,0.30255969506728,0.423,0.286,0.00488897863700313
"PLBD1",1.89396047150095e-07,-0.529668142354106,0.495,0.59,0.00499266919892365
"ST3GAL1",1.93942845178663e-07,0.342566248797078,0.351,0.226,0.00511252734175474
"RANBP6",1.97490596903746e-07,0.29102885241181,0.149,0.071,0.00520604962497965
"TYMP",2.07275426670034e-07,-0.383191417071358,0.671,0.742,0.00546398752244876
"GLS",2.08661774884677e-07,0.278295451085207,0.277,0.165,0.00550053304773497
"RAB37",2.51199029301535e-07,0.289873585400009,0.196,0.104,0.00662185761141776
"RPL27A",2.66675118828753e-07,0.269035149073853,0.892,0.84,0.00702982280744476
"SIGIRR",2.68482338599568e-07,0.253239019709027,0.255,0.15,0.0070774629278232
"WIPF1",2.89932236960663e-07,0.354272539565989,0.563,0.438,0.00764290369852005
"TRAF3IP3",3.0376859257421e-07,0.404519619924144,0.489,0.351,0.00800764386884875
"HELZ",3.04917992944805e-07,0.322141474776379,0.459,0.314,0.008037943212018
"CD44",3.08080652309667e-07,-0.293574457571273,0.795,0.841,0.00812131407553513
"NCALD",3.39943503707513e-07,0.276446303145443,0.243,0.142,0.00896125070123376
"NOSIP",3.4722827464061e-07,0.280127192355846,0.261,0.155,0.00915328454780113
"CSF3R",3.50848447214556e-07,-0.475291492803677,0.543,0.619,0.00924871591702292
"CFD",3.65836473206785e-07,-0.377901440034833,0.536,0.606,0.00964381527020406
"MOAP1",3.67574045987258e-07,0.277647355097687,0.212,0.117,0.00968961942627011
"NOTCH2",3.77907472628329e-07,-0.401087114299227,0.592,0.646,0.00996201888595537
"KANSL1",4.04733990897769e-07,0.312419636403126,0.279,0.167,0.0106691927340561
"URI1",4.31461054679473e-07,0.262663333939784,0.257,0.153,0.0113737448624056
"TSHZ1",4.32608021284668e-07,0.252403552244631,0.18,0.094,0.0114039800490851
"CD300E",4.95243889314652e-07,-0.458229366173185,0.495,0.58,0.0130551241662236
"GAPDH",5.18358014558141e-07,-0.456616507223222,0.525,0.588,0.0136644356217671
"MBNL1",5.33509650365859e-07,0.30980243092447,0.743,0.609,0.0140638478932944
"NKTR",6.60027485162542e-07,0.300838817066185,0.486,0.352,0.0173989845363698
"SERPINA1",6.63828526359565e-07,-0.398911495847507,0.682,0.725,0.0174991837833645
"RPS17L",7.21316248996226e-07,0.258276138545089,0.741,0.6,0.0190146176397895
"ATP6V1B2",7.26271243394126e-07,-0.472901646708361,0.507,0.588,0.0191452362471125
"RBM38",7.31819953126257e-07,0.290574139525826,0.124,0.056,0.0192915057843613
"KIAA1147",8.24747385855812e-07,0.294987476020424,0.122,0.055,0.0217411658385451
"CREG1",8.29897821075382e-07,-0.533494638259038,0.223,0.324,0.0218769364613682
"EZR",8.81905731767946e-07,0.279809386498937,0.543,0.404,0.0232479169951348
"CD93",9.71970606195832e-07,-0.470472201349144,0.559,0.624,0.0256221171499283
"BAZ1B",1.03681208630117e-06,0.305137350915747,0.43,0.299,0.0273314034069852
"IGSF6",1.06167525799416e-06,-0.420746809387184,0.468,0.537,0.0279868214759841
"NOP56",1.10043746822865e-06,0.272168203648383,0.315,0.202,0.0290086320999755
"ATRX",1.12016510619655e-06,0.267856452848801,0.574,0.437,0.0295286723644474
"FOXP1",1.22666990671756e-06,0.371561933182454,0.441,0.325,0.0323362454109816
"LUC7L3",1.24895604231015e-06,0.33226957865724,0.453,0.336,0.032923730231338
"GYPC",1.2772960498998e-06,0.263396945292635,0.128,0.061,0.0336708011714085
"RPS3A",1.31170774623277e-06,0.292457888352236,0.863,0.773,0.0345779278984421
"CSF1R",1.3788482758989e-06,-0.466625845153102,0.471,0.551,0.0363478194009708
"RCAN3",1.59185888524812e-06,0.274609836993698,0.142,0.071,0.0419629920740256
"GBP4",1.59427798932705e-06,0.254691967001208,0.291,0.179,0.0420267620766503
"PAK1",1.65371501450522e-06,-0.42269287786471,0.392,0.483,0.0435935814973721
"FAM8A1",1.66156844604922e-06,0.251507049295777,0.162,0.085,0.0438006058063034
"TNFRSF1B",1.67227868784773e-06,-0.289356329584471,0.827,0.865,0.0440829384903541
"PPP1R15A",1.88201087495553e-06,-0.381721735723751,0.696,0.758,0.0496116886747026
"AKNA",1.94110303088551e-06,0.258000072001861,0.543,0.409,0.0511694169971729
"TNFAIP3",1.9689643022548e-06,0.301772573181206,0.498,0.358,0.0519038679717389
"ITGAL",1.98886753305461e-06,0.305000749395329,0.637,0.512,0.0524285370388524
"FOSB",2.00080091810364e-06,-0.433909983355059,0.649,0.699,0.05274311300213
"RNF216",2.10721722366475e-06,0.301546788315602,0.3,0.192,0.0555483532330266
"PTPRA",2.1079240188631e-06,0.319005860121443,0.302,0.197,0.0555669850612502
"SERP1",2.11477958785155e-06,-0.351691930395709,0.572,0.639,0.0557477047153547
"EHD1",2.12119401410106e-06,0.432634698022278,0.309,0.203,0.055916795405718
"ENO1",2.12845610612638e-06,-0.340848996052461,0.736,0.788,0.0561082314135974
"NOL11",2.20611086291459e-06,0.278998140090047,0.117,0.054,0.0581552884572914
"LPIN2",2.34471522259785e-06,0.318439309262724,0.255,0.158,0.061809037982902
"OGT",2.36997572260017e-06,0.313294457851299,0.439,0.317,0.062474930023463
"RPS6KA3",2.46455640143088e-06,0.288678209717195,0.414,0.293,0.0649681712981195
"PCGF5",2.581311766323e-06,0.320656423383696,0.259,0.161,0.0680459594720405
"MBP",2.6241394619439e-06,0.316697475766674,0.453,0.341,0.0691749403563031
"SULT1A1",2.88724581339665e-06,-0.437155158519172,0.297,0.392,0.0761106868869492
"TBXAS1",3.17367548638297e-06,-0.445465473630712,0.349,0.446,0.0836612594965416
"DUSP6",3.44313830840094e-06,-0.405063214416083,0.691,0.737,0.0907645689477573
"SH3BGRL3",3.58016991591262e-06,-0.394962151851988,0.556,0.62,0.0943768591533724
"PLEKHO1",3.67954065318792e-06,-0.374749436080313,0.581,0.638,0.0969963711586867
"LGALS2",3.74945214717403e-06,-0.505365513297144,0.306,0.401,0.0988393080516545
"OTUD5",3.90057003570484e-06,0.278646531595436,0.255,0.159,0.102822926711215
"XIST",4.01706300781455e-06,0.336609081768226,0.23,0.14,0.105893797948999
"ZNF770",4.17332064324327e-06,0.267156959529965,0.137,0.07,0.110012905476536
"FAM214A",4.6803740564097e-06,0.300705769033466,0.137,0.071,0.123379340501016
"IRAK3",4.73112031007106e-06,-0.409516325170035,0.428,0.497,0.124717062493783
"BTG1",5.10822369243268e-06,0.260325517813658,0.818,0.722,0.134657884756218
"DENND1C",5.36295183352052e-06,0.273340664723535,0.173,0.097,0.141372773283435
"ALDOA",5.42968541605665e-06,-0.295171911744203,0.739,0.763,0.143131937252669
"DUSP1",5.54009965719802e-06,-0.308814823211613,0.838,0.878,0.146042567063397
"KAT6A",5.58557848743114e-06,0.298507281476204,0.432,0.314,0.147241434507172
"ALDH2",5.96036832789718e-06,-0.392453938185704,0.559,0.619,0.157121269491698
"G3BP2",6.03243572025337e-06,0.363189590418287,0.374,0.262,0.159021038021599
"KMT2E",6.06919277103135e-06,0.291443541279078,0.608,0.488,0.159989990637157
"OSBPL3",6.08896988191232e-06,0.282507065796424,0.106,0.049,0.160511335057091
"CASP8AP2",6.27454733927129e-06,0.340056677008622,0.223,0.137,0.16540334241053
"MEFV",6.37558813330406e-06,-0.407735739585007,0.403,0.478,0.168066878782028
"ASXL1",6.40654321436757e-06,0.267940224048667,0.234,0.142,0.168882885673944
"ZNF721",6.59580748236273e-06,0.263044362990565,0.113,0.053,0.173872081042564
"XIAP",6.83287354267227e-06,0.260847057982489,0.273,0.172,0.180121379458384
"PPP6R1",7.31334400537104e-06,0.262224566904133,0.245,0.154,0.192787061325586
"ATP11B",7.62977026897903e-06,0.357874175631583,0.241,0.154,0.201128374060556
"ZNF83",7.70039130022942e-06,0.297572401504378,0.146,0.078,0.202990015065348
"KIAA0513",7.8957407460328e-06,-0.428994811916566,0.225,0.321,0.208139621806171
"CD47",8.20101563147682e-06,0.314601237275222,0.378,0.268,0.216186973061361
"GPATCH8",8.37342163034958e-06,0.255525412136077,0.295,0.194,0.220731767597645
"RNASE6",8.42083416441831e-06,-0.491881741403601,0.209,0.296,0.221981609408231
"KLF4",8.5691120884731e-06,-0.292377406354204,0.682,0.717,0.225890363764239
"RBBP7",8.66019471856445e-06,0.260842024109224,0.232,0.143,0.228291392976077
"HERPUD2",8.8863386588822e-06,0.296688783004871,0.252,0.159,0.234252773386794
"MED17",9.57419336848347e-06,0.26311331597732,0.131,0.066,0.252385311386593
"PDCD4",9.75862579365536e-06,0.309999093863725,0.322,0.218,0.257247134546549
"MECP2",1.01738135998114e-05,0.275714638061619,0.178,0.102,0.268191900304629
"UTRN",1.06403540500251e-05,0.308983320554418,0.662,0.549,0.280490373112712
"S100A12",1.09399575748798e-05,-0.520054064228241,0.423,0.503,0.288388221631407
"PCNT",1.14798593726389e-05,0.281431433029752,0.227,0.14,0.302620572922133
"SOD1",1.16400171196807e-05,0.330437183081627,0.36,0.256,0.306842491291902
"CECR1",1.20339083762479e-05,-0.351968281489262,0.606,0.636,0.317225858706271
"LYN",1.23457284507547e-05,-0.324661583866341,0.631,0.698,0.325445747690346
"RNF130",1.24251147576983e-05,-0.341504586987867,0.583,0.63,0.327538450127685
"SMG1",1.27076472055625e-05,0.328614668758836,0.509,0.395,0.334986287985834
"RPL9",1.36565416883223e-05,0.272393504219722,0.802,0.726,0.360000095445865
"RPL18A",1.38293464903834e-05,0.270034345041102,0.847,0.733,0.364555402832997
"PLXNB2",1.45423602209988e-05,-0.371580684234193,0.372,0.462,0.383351157785751
"ATF2",1.514819934456e-05,0.250690494867078,0.176,0.101,0.399321682921946
"DIDO1",1.57130122000936e-05,0.304742165947087,0.252,0.163,0.414210714606668
"LINC00936",1.60258805452766e-05,-0.47866455377045,0.342,0.42,0.422458237054035
"IER2",1.63217275427189e-05,-0.377830870971055,0.599,0.65,0.430257059753612
"HLA-DRB5",1.64214648441916e-05,-0.50817876105928,0.518,0.598,0.432886234757735
"WARS",1.66201078709776e-05,-0.425185130616918,0.453,0.526,0.43812266358684
"FRYL",1.69905037098057e-05,0.293303891185354,0.309,0.21,0.447886668294189
"LRP1",1.7756550471506e-05,-0.356381121740541,0.538,0.599,0.46808042697937
"USP24",1.79629173332043e-05,0.25094035122279,0.266,0.173,0.473520463820598
"CTSZ",1.85177677220447e-05,-0.349890295550828,0.466,0.541,0.48814687492082
"XRN1",1.87299737985982e-05,0.259631325757664,0.347,0.237,0.493740839304847
"PEAK1",2.04633243139883e-05,0.256269102452702,0.126,0.065,0.539433692241045
"LTA4H",2.20281047566385e-05,-0.386115486357492,0.574,0.634,0.580682869489746
"USP34",2.34495474616914e-05,0.289211256533346,0.414,0.3,0.618153520637647
"TPST2",2.44638012642656e-05,0.255859449690355,0.178,0.105,0.644890265127305
"C19orf38",2.47754016217081e-05,-0.482807960046259,0.315,0.389,0.653104362149847
"SIRPA",2.53369263478106e-05,-0.389832883560238,0.309,0.398,0.667906715454635
"ALOX5",2.71797190023817e-05,-0.492471282735023,0.36,0.424,0.716484572621784
"HIST1H1E",2.73515187054483e-05,0.253899465523602,0.311,0.214,0.721013384594323
"PCM1",2.90766472671079e-05,0.258202034236725,0.482,0.365,0.766489498608232
"RPL38",2.93825364831943e-05,0.261610672029408,0.698,0.594,0.774553044233486
"PURA",3.28339249243676e-05,0.259332275127818,0.198,0.121,0.865535094931254
"APOBR",3.39638692876638e-05,-0.440219855181363,0.412,0.478,0.895321558292106
"SEMA4D",3.59493075322801e-05,0.264416114351158,0.462,0.348,0.947659695858435
"CD4",3.6194258169534e-05,-0.350684172461024,0.534,0.592,0.954116839607085
"EGR1",3.66818733114918e-05,-0.564125178043051,0.318,0.401,0.966970862364236
"THEMIS2",3.70270420261626e-05,-0.355181723976608,0.432,0.507,0.976069854851673
"TMEM176B",4.07985925574655e-05,-0.566328208442462,0.3,0.372,1
"ZBTB40",4.26557759313399e-05,0.261359129499379,0.2,0.123,1
"SF3A3",5.15800377009849e-05,0.268015236399855,0.288,0.197,1
"EVI2B",5.40418207799711e-05,-0.368600404216151,0.59,0.623,1
"ATG3",5.45829884018865e-05,-0.409088314082193,0.291,0.371,1
"FGR",5.63154817566579e-05,-0.303242955969293,0.687,0.726,1
"RPL37",5.67765655642948e-05,0.272818181218938,0.705,0.613,1
"DEF6",6.20874991513472e-05,0.257256468696042,0.32,0.226,1
"RNF5",6.38667731150864e-05,0.280336358494678,0.189,0.118,1
"CNST",6.56674791285776e-05,0.264766497102857,0.113,0.059,1
"MDFIC",6.74164761794903e-05,0.260130086614855,0.234,0.154,1
"CALM2",7.20908659159691e-05,-0.270056793537063,0.694,0.739,1
"PRKX",7.5006771862822e-05,0.253006064738832,0.309,0.217,1
"ZZEF1",7.57589577727908e-05,0.315807393369401,0.324,0.231,1
"HK3",7.5773248091308e-05,-0.397359353101886,0.23,0.314,1
"UBTF",7.62821839178092e-05,0.267840708928371,0.331,0.236,1
"DR1",7.80861031108152e-05,0.28910279823772,0.342,0.245,1
"GOLGA3",8.30324846165534e-05,0.261147487080043,0.324,0.224,1
"LMO2",8.30745121625561e-05,-0.290457878253488,0.329,0.41,1
"CD163",8.42469582632002e-05,-0.450087472210127,0.336,0.406,1
"ZDHHC7",9.00011967176955e-05,-0.368099298820177,0.392,0.46,1
"STAT5B",9.10761008588659e-05,0.27209814625946,0.45,0.347,1
"AOAH",9.70695892329446e-05,-0.346471045559357,0.527,0.564,1
"ZNF106",0.000100146945163007,-0.3608052799313,0.644,0.674,1
"BRI3",0.000100162805623642,-0.348891389574534,0.516,0.577,1
"TRAPPC10",0.000100490683093664,0.25351092970668,0.297,0.203,1
"C9orf89",0.000101506333927215,-0.3590527478929,0.133,0.208,1
"BTAF1",0.00010551351908914,0.296373703141621,0.333,0.237,1
"BNIP3L",0.000109285713727975,-0.368794919841744,0.468,0.527,1
"RTN3",0.000112222657556977,-0.343830129899001,0.482,0.546,1
"HCK",0.000112995237020141,-0.27069327616143,0.48,0.557,1
"GAS7",0.000115327145886843,-0.360191091108922,0.482,0.543,1
"KIF13A",0.000117158396075679,-0.419752930388474,0.189,0.267,1
"ADD1",0.000125436788920955,0.313621193732103,0.527,0.419,1
"RASSF1",0.000126678143377972,0.305599773397968,0.255,0.174,1
"DPYD",0.000131631600183762,-0.351011782455118,0.363,0.437,1
"QKI",0.000131702660498429,-0.370994071534566,0.471,0.522,1
"LGALS1",0.000134280596475285,-0.342150221902979,0.482,0.531,1
"CAPG",0.000135445591316722,-0.383452451482759,0.322,0.399,1
"SERPINB1",0.000138121635546126,-0.309840318480822,0.57,0.61,1
"SLC15A4",0.000142444081598885,0.262886882754567,0.169,0.104,1
"MTR",0.00014762396577774,0.278979588984811,0.214,0.14,1
"CD86",0.000166584888721191,-0.36100063723841,0.372,0.441,1
"ALDH3B1",0.000170407650088318,-0.394840763596611,0.288,0.359,1
"MAPKAPK3",0.000171085444371585,-0.36760261930521,0.32,0.39,1
"RAB32",0.00017186322023639,-0.386510737603236,0.234,0.306,1
"F13A1",0.000172728053423605,-0.418982797623928,0.164,0.241,1
"SLC11A1",0.000177156462431901,-0.394341652163085,0.495,0.529,1
"CLEC12A",0.000194527147395478,-0.399352848479645,0.439,0.488,1
"CD36",0.000199118428698419,-0.301955273198785,0.57,0.611,1
"NBPF10",0.000204924192906144,-0.26736351113709,0.592,0.628,1
"PTAFR",0.000211674429319379,-0.335804699548582,0.532,0.585,1
"ANXA1",0.000217867607870749,-0.280018122152788,0.813,0.82,1
"S100A10",0.000221870799010089,-0.311366005881906,0.619,0.651,1
"LAMTOR1",0.000223880635209849,-0.397860261370269,0.286,0.358,1
"SCAF8",0.000224992159541221,0.268735671609614,0.196,0.127,1
"ZFAND5",0.000230784017477109,-0.336674953987263,0.599,0.644,1
"RHOG",0.000245332205112984,-0.352909683422582,0.374,0.435,1
"FGD4",0.000261816289898301,-0.366464368037052,0.131,0.201,1
"FPR1",0.00026298849860495,-0.359231490559642,0.495,0.548,1
"TET2",0.000265640088395602,-0.320684370566398,0.423,0.494,1
"CRTAP",0.000268582605510848,-0.330495230725723,0.498,0.539,1
"FES",0.000276632063450984,-0.38239020451248,0.288,0.355,1
"CKAP4",0.000285104949662921,-0.328187116120979,0.313,0.392,1
"FCGR2A",0.000292975178618125,-0.365830508174825,0.453,0.506,1
"ERBB2IP",0.000315953585980506,0.270031629308433,0.577,0.479,1
"ITGB1",0.000322392372653844,0.250132628735551,0.453,0.349,1
"IL6R",0.000331437243445151,-0.336489221410673,0.516,0.568,1
"METTL9",0.000357982604192191,-0.391326399807577,0.466,0.51,1
"OSCAR",0.000360842692492903,-0.315198448088123,0.176,0.247,1
"CNPY3",0.000370014243505005,-0.286943632940461,0.559,0.608,1
"MFSD1",0.000391954356579189,-0.352586297524026,0.399,0.455,1
"SIRPB1",0.000459632908779807,-0.382706480375971,0.304,0.365,1
"TLR4",0.000480794466523754,-0.367512475500541,0.428,0.475,1
"PRKCD",0.000483758968840708,-0.321824478606667,0.327,0.395,1
"TNFSF13B",0.000486545445424443,-0.380992678056645,0.374,0.424,1
"SECTM1",0.0004958396076096,-0.356330640812822,0.268,0.34,1
"ASAH1",0.000521042308303692,-0.304260252850977,0.622,0.645,1
"EIF2AK1",0.000548836572564095,0.252471361779761,0.372,0.281,1
"GM2A",0.00056435152745755,-0.410570892445993,0.275,0.335,1
"TLR2",0.000582226198678882,-0.30195073824518,0.268,0.338,1
"PLXDC2",0.000634043711607389,-0.32491767044251,0.525,0.562,1
"PYGL",0.00063841105520817,-0.364002639864533,0.282,0.352,1
"DPYSL2",0.000673783990815195,-0.382075631678963,0.365,0.416,1
"PADI4",0.000720071601267524,-0.448159457623762,0.164,0.228,1
"NLRP3",0.000720180189891361,-0.32430331674079,0.151,0.217,1
"RCSD1",0.000723331609383225,-0.266736107472708,0.633,0.671,1
"LGALS9",0.00072493955212761,-0.335257194292701,0.345,0.405,1
"CTSD",0.000746156817012641,-0.323585142256646,0.588,0.606,1
"CD33",0.000767107595307005,-0.341182587082253,0.23,0.299,1
"RILPL2",0.000872220702069495,-0.325257976214958,0.342,0.41,1
"YBX3",0.000953186349728593,-0.319094247859781,0.448,0.499,1
"SCIMP",0.00101333766297603,-0.341312614329632,0.273,0.337,1
"TMEM170B",0.00102821476378416,-0.337964832771651,0.225,0.293,1
"AHR",0.00103128156944479,-0.413693786584812,0.342,0.394,1
"PRAM1",0.00106761018371675,-0.339732270622437,0.284,0.351,1
"MAFB",0.00108664817483409,-0.400161008420217,0.426,0.475,1
"SPTLC2",0.00111450404590334,-0.328021560199051,0.417,0.462,1
"LILRA5",0.00126435298575293,-0.326621452206175,0.155,0.22,1
"MIS18BP1",0.00127106108912904,-0.37070650849431,0.419,0.463,1
"KCNQ1",0.00127452828645526,-0.294922983658037,0.14,0.202,1
"NIN",0.00131849347226723,-0.257470388713885,0.631,0.649,1
"PRCP",0.00132522420352969,-0.392158525533657,0.178,0.235,1
"CASP1",0.00133019627336136,-0.298872851878389,0.498,0.537,1
"PEA15",0.00150403828203953,-0.299618509112173,0.306,0.373,1
"NFAM1",0.00151354335868684,-0.322107217683961,0.378,0.431,1
"SCPEP1",0.00155145296579045,-0.32594370747641,0.383,0.437,1
"CLIC4",0.0016385225337233,-0.264546783860896,0.081,0.133,1
"HMOX1",0.0016565481118376,-0.314494423093679,0.149,0.209,1
"H2AFY",0.00168120367344457,-0.257903036299466,0.662,0.676,1
"NAPRT1",0.00171271448562907,-0.38586850461561,0.191,0.247,1
"BLVRA",0.00179577043774591,-0.380078851158718,0.282,0.336,1
"RGS18",0.00182426882363283,-0.364968470180069,0.176,0.232,1
"MYCL",0.00187958144955816,-0.276360297293369,0.097,0.151,1
"SMCO4",0.00188505807122527,-0.299157314586243,0.182,0.244,1
"CYBA",0.00195951011049253,-0.255257784767509,0.691,0.717,1
"SOD2",0.00199572227217133,-0.320337759576346,0.606,0.649,1
"EPB41L3",0.00204350633163869,-0.283781276739616,0.216,0.28,1
"GDI2",0.00204765836242593,-0.256809339034209,0.561,0.587,1
"NFKBIA",0.00206707629080315,-0.293206365845353,0.786,0.811,1
"PPT1",0.00213764129493894,-0.269409971328683,0.597,0.623,1
"FAM198B",0.00216456845443518,-0.357374160786839,0.198,0.254,1
"EVI2A",0.00219941984785026,-0.34217102351852,0.39,0.428,1
"GLT1D1",0.00220213683043211,-0.292769105094047,0.146,0.202,1
"ZYX",0.00224289236273406,-0.259422133827806,0.376,0.434,1
"NAAA",0.00240171588485312,-0.40176822279238,0.295,0.351,1
"TESC",0.0024924113802264,-0.298873187017608,0.086,0.135,1
"ATP6V0B",0.00259488631014848,-0.265119263001063,0.552,0.599,1
"PILRA",0.00262683318969554,-0.320753442561555,0.43,0.475,1
"NCF1",0.00277002060922624,-0.324449888023923,0.509,0.54,1
"BST1",0.00284279602503773,-0.341530477734692,0.293,0.35,1
"MARCKS",0.0029192262494853,-0.398498566019781,0.426,0.463,1
"COX5B",0.00318621169573773,-0.287277089006812,0.457,0.5,1
"PLXNC1",0.00322532202093423,-0.27028213497553,0.417,0.467,1
"NAGK",0.0033901367659595,-0.265874490536694,0.514,0.547,1
"HLA-DMB",0.00339442478882916,-0.332931762289802,0.491,0.518,1
"HDAC1",0.00359842766180182,0.285147497287441,0.327,0.259,1
"EVI5",0.00367393851811413,-0.274747319154784,0.162,0.215,1
"PLIN3",0.00374928263941835,-0.295562937207991,0.149,0.205,1
"RBPJ",0.00390860992096262,-0.284884715884658,0.264,0.323,1
"CORO1C",0.00400277824031145,-0.336572887925219,0.365,0.403,1
"VAMP3",0.00403538472704242,-0.265289930642601,0.284,0.34,1
"MAP3K1",0.00412117528543727,-0.29431226367264,0.432,0.468,1
"TNRC6B",0.00415091234417117,0.280971539496191,0.432,0.357,1
"GRINA",0.00416604428278274,-0.315635384985224,0.214,0.27,1
"TIMP1",0.00423113979199462,-0.26372414615767,0.264,0.321,1
"CLMN",0.00430916103084745,-0.306804091813792,0.176,0.231,1
"NEAT1",0.00434560661085008,-0.313075641527587,0.622,0.655,1
"VASP",0.00437520888418635,-0.252861290336094,0.543,0.564,1
"CSTA",0.00453227405987494,-0.340090427219949,0.338,0.384,1
"IMPA2",0.00456191649297806,-0.281121963388439,0.187,0.242,1
"RNASET2",0.00462061815279935,-0.276193658818365,0.527,0.547,1
"COMT",0.00474747151266556,-0.282470896943554,0.236,0.289,1
"LRRC25",0.00483260002714217,-0.30129753276039,0.32,0.374,1
"TTC7A",0.00485438321237489,-0.356042639791966,0.245,0.293,1
"CCDC149",0.0049925877112227,-0.304807710325867,0.11,0.158,1
"GLB1",0.00500195308196369,-0.267375610526466,0.189,0.245,1
"LILRA2",0.00529050654655124,-0.328051778422513,0.275,0.325,1
"LMNB1",0.00566302290939491,-0.290949805905013,0.124,0.174,1
"GAA",0.00569152792472206,-0.298980399536519,0.351,0.406,1
"PADI2",0.00589282917234663,-0.289017866711687,0.074,0.118,1
"NRGN",0.00590402667163131,-0.352714229384121,0.203,0.253,1
"SIPA1L1",0.00594888566748562,-0.268473196084504,0.185,0.242,1
"SLC43A2",0.00594905641439154,-0.278428368075319,0.338,0.383,1
"MAP3K3",0.00598449254995024,-0.266660903618042,0.441,0.486,1
"RAB3D",0.00603274945052854,-0.367072477056732,0.232,0.279,1
"CUX1",0.00612665108295577,-0.2778588980943,0.367,0.416,1
"KDM1B",0.00661672905563854,-0.279480027687812,0.255,0.301,1
"AP5B1",0.00673455610106482,-0.355848181078871,0.133,0.18,1
"ZSWIM6",0.00682719250924326,-0.279273893565968,0.182,0.236,1
"SH2B3",0.00688629563333333,-0.309870966571266,0.302,0.345,1
"MSRB1",0.00700946065202972,-0.374700610015547,0.345,0.387,1
"HK1",0.00704993254631264,-0.257803087801238,0.417,0.449,1
"DAPK1",0.00718947918699548,-0.342672790748611,0.191,0.238,1
"RAC1",0.00754713388087477,-0.273301715545072,0.563,0.568,1
"HSPA1A",0.00779465712442088,-0.377430797651971,0.293,0.332,1
"CHMP2A",0.00788587210279369,-0.283807958807412,0.277,0.326,1
"ZEB2",0.00794243169980866,-0.263189142584386,0.545,0.581,1
"ATP6V1E1",0.00799932505963995,-0.279730127722239,0.171,0.221,1
"CREB5",0.00804240186849158,-0.293217292013227,0.196,0.249,1
"CYP1B1",0.00806752883286135,-0.361320856515321,0.255,0.307,1
"LY86",0.00842576479676543,-0.30933502986555,0.304,0.351,1
"MAN2B1",0.0086293992083591,-0.259081018875813,0.245,0.295,1
"PPM1F",0.00872548331258997,-0.295923409878689,0.286,0.337,1
"DICER1",0.00944431348768009,-0.26842058889494,0.417,0.452,1
"RASSF4",0.00963719649127632,-0.304261359221421,0.453,0.479,1
"AP2S1",0.00989787871437899,-0.289500973403902,0.349,0.389,1
"CPPED1",0.0103871285366781,-0.290218263757807,0.426,0.447,1
"SDCBP",0.0106773149739668,-0.252449206031318,0.495,0.529,1
"KIAA0930",0.0117676366971288,-0.301738650119271,0.399,0.435,1
"KIAA1598",0.0119751091845503,-0.259285734412261,0.225,0.271,1
"PLXND1",0.012396558252326,-0.255422177125726,0.241,0.293,1
"VMP1",0.0125377019751987,-0.28676902916305,0.408,0.448,1
"IL13RA1",0.012897446754641,-0.292255661328656,0.374,0.413,1
"DENND5A",0.0131651818374243,-0.332870776131376,0.304,0.338,1
"MYADM",0.0137644794867306,-0.292957273481265,0.338,0.373,1
"MBOAT7",0.0138255885211384,-0.291849968307761,0.259,0.303,1
"YWHAE",0.0144402772262386,-0.278268455997464,0.358,0.392,1
"TIMP2",0.0146791018397888,-0.319365424692838,0.369,0.397,1
"NBPF14",0.0150584513670289,-0.252861471768369,0.119,0.162,1
"PDXK",0.0157208984235821,-0.263110173472713,0.261,0.308,1
"FTH1",0.0161942282560692,-0.286209713815069,0.3,0.336,1
"TNFRSF1A",0.016283292728772,-0.259697965261804,0.243,0.283,1
"LILRA1",0.0185060280222547,-0.29751301866355,0.257,0.295,1
"ITGAX",0.0187515307135182,-0.254611890124123,0.383,0.418,1
"USP3",0.0188651269397136,-0.299772616844462,0.376,0.402,1
"GSTO1",0.0191317542534178,-0.317682596824062,0.273,0.31,1
"HEXB",0.0194771003042243,-0.342485649007026,0.25,0.283,1
"RBM47",0.019481348495653,-0.252261282464439,0.209,0.257,1
"TMEM127",0.0198117725188016,-0.270266744027132,0.282,0.322,1
"PID1",0.0200356237327998,-0.265483960810326,0.133,0.173,1
"HLA-DPB1",0.0206404436753682,-0.295499996250783,0.739,0.721,1
"BASP1",0.0209125041458706,-0.303159438289699,0.167,0.207,1
"AP1B1",0.0212047282107646,-0.254987316454983,0.279,0.318,1
"JARID2",0.0214279567908945,-0.332202522255312,0.245,0.284,1
"RHOQ",0.0219615182865041,-0.271552186071184,0.25,0.288,1
"BLVRB",0.0224677780910411,-0.277522427913848,0.376,0.405,1
"CHP1",0.0228124540056689,-0.265602822749108,0.288,0.335,1
"RAB27A",0.023183368157697,-0.275917563784279,0.293,0.329,1
"DOK3",0.0254058306407527,-0.263831361861941,0.171,0.211,1
"CCR2",0.0260225304611289,-0.252516399970969,0.241,0.281,1
"AKR1A1",0.0262061004611517,-0.264054649413542,0.266,0.304,1
"DYSF",0.0276424012591092,-0.383169952801792,0.133,0.168,1
"CLEC4E",0.0279170551008811,-0.288214730785173,0.2,0.236,1
"SCO2",0.0280494570496945,-0.276548193204903,0.286,0.324,1
"QSOX1",0.0292741417603422,-0.28494655434417,0.2,0.238,1
"C1orf43",0.0299320107873853,-0.252042162336112,0.293,0.329,1
"PLEKHB2",0.0299610630257581,-0.291108204894869,0.304,0.335,1
"ARAP1",0.0305446288570915,-0.270113087109674,0.279,0.313,1
"SEC11A",0.0306692539166842,-0.252453624447954,0.405,0.428,1
"RCOR1",0.0313935180546051,-0.286339461464566,0.241,0.278,1
"MCTP1",0.031393884790379,-0.260916917246691,0.178,0.217,1
"HLA-DPA1",0.0321870793005821,-0.262265659196825,0.734,0.719,1
"KCNE3",0.0327879279556148,-0.300022847310864,0.221,0.256,1
"CD300LF",0.0330068154327239,-0.276453428940123,0.273,0.306,1
"MRFAP1",0.0337850636612815,-0.321070597360966,0.329,0.349,1
"TPD52L2",0.0357182334336827,-0.258036363884132,0.297,0.328,1
"JAK2",0.0358015233657383,-0.263462542216111,0.336,0.366,1
"BTK",0.0378071013335821,-0.258153521981944,0.243,0.277,1
"C19orf59",0.0392439931986583,-0.267584837699362,0.137,0.172,1
"SGK1",0.0392529894365479,-0.27132444692409,0.464,0.479,1
"NFE2",0.0395027595604919,-0.29140504161871,0.158,0.192,1
"IFNGR1",0.0407810964999779,-0.252892099857587,0.369,0.393,1
"RBP7",0.0420982188105801,-0.322999149581815,0.198,0.227,1
"FKBP15",0.0437320519116412,-0.267369844160747,0.437,0.449,1
"SLC31A1",0.043984871349079,-0.270793080207335,0.164,0.195,1
"NARS",0.044092631049542,-0.306091555697997,0.369,0.386,1
"ATP11A",0.0444859350179373,-0.261036950560035,0.243,0.276,1
"MX2",0.0460687505957357,-0.270756587678053,0.255,0.288,1
"GIMAP8",0.0466106417222108,-0.301703116872252,0.336,0.358,1
"BID",0.0467339527661527,-0.263160509909738,0.329,0.356,1
"TLR8",0.0500391508563035,-0.254898949131272,0.241,0.272,1
"MTMR3",0.051877562769032,-0.310598108038214,0.23,0.258,1
"EIF2AK4",0.0529460765052552,-0.251516976937572,0.196,0.228,1
"TIAM1",0.0561444322376791,-0.288037807783708,0.223,0.253,1
"CEBPB",0.0577863478699725,-0.260694947424259,0.327,0.351,1
"BAZ2B",0.0580205611289726,-0.28159177558911,0.369,0.395,1
"NLRP12",0.0607075765120412,-0.259148633517938,0.18,0.209,1
"ANO6",0.0654537064836239,-0.251852917146178,0.239,0.267,1
"TMED9",0.0680919230533113,-0.273838129891774,0.313,0.336,1
"IFNGR2",0.0689890417585548,-0.274536317594008,0.218,0.243,1
"FGD2",0.0693636815117469,-0.262929432249542,0.311,0.334,1
"MAML3",0.0715978210055396,-0.262809576322127,0.149,0.178,1
"CTSA",0.0716663033706631,-0.257642818895602,0.309,0.334,1
"SPECC1",0.0788620545176311,-0.258196556216317,0.282,0.308,1
"TMEM165",0.0797211204750227,-0.266201936299786,0.178,0.205,1
"NUMB",0.0808459858599347,-0.250829720648284,0.347,0.365,1
"SND1",0.0852406287313243,-0.254246444347975,0.338,0.358,1
"ADRBK2",0.0897220576409982,-0.27345104777128,0.383,0.4,1
"C5AR1",0.0906073233485714,-0.269427324207628,0.414,0.42,1
"ALDH1A1",0.0907766079574136,-0.302761407468366,0.23,0.254,1
"ASGR2",0.0921136104170472,-0.256337203868371,0.196,0.221,1
"MYOF",0.0927839281950519,-0.301926977145777,0.162,0.188,1
"LILRA3",0.103368845965585,-0.266357195560927,0.209,0.232,1
"TOM1",0.110717024186201,-0.253096629716387,0.214,0.239,1
"IL8",0.113948100187906,-0.37533845908722,0.241,0.263,1
"FEZ2",0.123268223762618,-0.252379363002877,0.124,0.146,1
"INSR",0.128460832813576,-0.28921513901646,0.133,0.154,1
"FRY",0.150141375058742,-0.260101584110401,0.149,0.17,1
"CDKN1A",0.150570737034988,-0.26741526490508,0.207,0.231,1
"SLC12A9",0.152057844295072,-0.287542177425605,0.216,0.231,1
"DNAJC3",0.156572018853364,-0.267251302274861,0.275,0.288,1
"PHKB",0.157966618466657,-0.250369955792316,0.23,0.248,1
"BMF",0.164158111839411,-0.26379559247843,0.191,0.209,1
"SMARCD3",0.175762618441913,-0.276686751272361,0.203,0.216,1
"P2RY13",0.224152428293422,-0.254768979675075,0.221,0.236,1
"JUN",0.238477690986274,-0.262857797237872,0.736,0.693,1
"FAM49A",0.274232078576231,-0.263839437722358,0.295,0.297,1
"CCR1",0.33786117136058,-0.259320368592357,0.191,0.199,1
"G0S2",0.342540419267155,-0.328569401562145,0.128,0.141,1
"SLC2A3",0.620744901423862,-0.283616387874659,0.354,0.338,1
"CARS2",0.708215630838669,-0.253571298525095,0.338,0.315,1
"IFIT2",0.779222606228957,-0.251944842975934,0.124,0.125,1
